overall_rank,player,team,market_value,bye_week,season,source,source_as_of,league_teams,budget_per_team,passing_td_points,reception_points,compatible_with_portfolio_league
1,Ja'Marr Chase,CIN,57,10,2025,ESPN 2025 Fantasy Football Draft Kit - PPR,2025-09-02,10,200,4,1,False
2,Bijan Robinson,ATL,56,5,2025,ESPN 2025 Fantasy Football Draft Kit - PPR,2025-09-02,10,200,4,1,False
3,Justin Jefferson,MIN,55,6,2025,ESPN 2025 Fantasy Football Draft Kit - PPR,2025-09-02,10,200,4,1,False
4,Saquon Barkley,PHI,55,9,2025,ESPN 2025 Fantasy Football Draft Kit - PPR,2025-09-02,10,200,4,1,False
5,Jahmyr Gibbs,DET,54,8,2025,ESPN 2025 Fantasy Football Draft Kit - PPR,2025-09-02,10,200,4,1,False
6,Christian McCaffrey,SF,53,14,2025,ESPN 2025 Fantasy Football Draft Kit - PPR,2025-09-02,10,200,4,1,False
7,CeeDee Lamb,DAL,53,10,2025,ESPN 2025 Fantasy Football Draft Kit - PPR,2025-09-02,10,200,4,1,False
8,Malik Nabers,NYG,52,14,2025,ESPN 2025 Fantasy Football Draft Kit - PPR,2025-09-02,10,200,4,1,False
9,Puka Nacua,LAR,51,8,2025,ESPN 2025 Fantasy Football Draft Kit - PPR,2025-09-02,10,200,4,1,False
10,Ashton Jeanty,LV,50,8,2025,ESPN 2025 Fantasy Football Draft Kit - PPR,2025-09-02,10,200,4,1,False
11,Amon-Ra St. Brown,DET,48,8,2025,ESPN 2025 Fantasy Football Draft Kit - PPR,2025-09-02,10,200,4,1,False
12,De'Von Achane,MIA,46,12,2025,ESPN 2025 Fantasy Football Draft Kit - PPR,2025-09-02,10,200,4,1,False
13,Nico Collins,HOU,45,6,2025,ESPN 2025 Fantasy Football Draft Kit - PPR,2025-09-02,10,200,4,1,False
14,Brian Thomas Jr.,JAC,43,8,2025,ESPN 2025 Fantasy Football Draft Kit - PPR,2025-09-02,10,200,4,1,False
15,A.J. Brown,PHI,42,9,2025,ESPN 2025 Fantasy Football Draft Kit - PPR,2025-09-02,10,200,4,1,False
16,Drake London,ATL,40,5,2025,ESPN 2025 Fantasy Football Draft Kit - PPR,2025-09-02,10,200,4,1,False
17,Jonathan Taylor,IND,38,11,2025,ESPN 2025 Fantasy Football Draft Kit - PPR,2025-09-02,10,200,4,1,False
18,Josh Jacobs,GB,37,5,2025,ESPN 2025 Fantasy Football Draft Kit - PPR,2025-09-02,10,200,4,1,False
19,Derrick Henry,BAL,36,7,2025,ESPN 2025 Fantasy Football Draft Kit - PPR,2025-09-02,10,200,4,1,False
20,Brock Bowers,LV,35,8,2025,ESPN 2025 Fantasy Football Draft Kit - PPR,2025-09-02,10,200,4,1,False
21,Trey McBride,ARI,34,8,2025,ESPN 2025 Fantasy Football Draft Kit - PPR,2025-09-02,10,200,4,1,False
22,Bucky Irving,TB,33,9,2025,ESPN 2025 Fantasy Football Draft Kit - PPR,2025-09-02,10,200,4,1,False
23,Chase Brown,CIN,32,10,2025,ESPN 2025 Fantasy Football Draft Kit - PPR,2025-09-02,10,200,4,1,False
24,Tee Higgins,CIN,32,10,2025,ESPN 2025 Fantasy Football Draft Kit - PPR,2025-09-02,10,200,4,1,False
25,Tyreek Hill,MIA,31,12,2025,ESPN 2025 Fantasy Football Draft Kit - PPR,2025-09-02,10,200,4,1,False
26,Ladd McConkey,LAC,30,12,2025,ESPN 2025 Fantasy Football Draft Kit - PPR,2025-09-02,10,200,4,1,False
27,Davante Adams,LAR,30,8,2025,ESPN 2025 Fantasy Football Draft Kit - PPR,2025-09-02,10,200,4,1,False
28,Josh Allen,BUF,29,7,2025,ESPN 2025 Fantasy Football Draft Kit - PPR,2025-09-02,10,200,4,1,False
29,Lamar Jackson,BAL,28,7,2025,ESPN 2025 Fantasy Football Draft Kit - PPR,2025-09-02,10,200,4,1,False
30,Jayden Daniels,WAS,27,12,2025,ESPN 2025 Fantasy Football Draft Kit - PPR,2025-09-02,10,200,4,1,False
31,Jalen Hurts,PHI,26,9,2025,ESPN 2025 Fantasy Football Draft Kit - PPR,2025-09-02,10,200,4,1,False
32,Kyren Williams,LAR,25,8,2025,ESPN 2025 Fantasy Football Draft Kit - PPR,2025-09-02,10,200,4,1,False
33,James Cook,BUF,24,7,2025,ESPN 2025 Fantasy Football Draft Kit - PPR,2025-09-02,10,200,4,1,False
34,Jaxon Smith-Njigba,SEA,23,8,2025,ESPN 2025 Fantasy Football Draft Kit - PPR,2025-09-02,10,200,4,1,False
35,Terry McLaurin,WAS,22,12,2025,ESPN 2025 Fantasy Football Draft Kit - PPR,2025-09-02,10,200,4,1,False
36,Garrett Wilson,NYJ,22,9,2025,ESPN 2025 Fantasy Football Draft Kit - PPR,2025-09-02,10,200,4,1,False
37,Omarion Hampton,LAC,22,12,2025,ESPN 2025 Fantasy Football Draft Kit - PPR,2025-09-02,10,200,4,1,False
38,Alvin Kamara,NO,21,11,2025,ESPN 2025 Fantasy Football Draft Kit - PPR,2025-09-02,10,200,4,1,False
39,Joe Burrow,CIN,21,10,2025,ESPN 2025 Fantasy Football Draft Kit - PPR,2025-09-02,10,200,4,1,False
40,George Kittle,SF,20,14,2025,ESPN 2025 Fantasy Football Draft Kit - PPR,2025-09-02,10,200,4,1,False
41,Chuba Hubbard,CAR,19,14,2025,ESPN 2025 Fantasy Football Draft Kit - PPR,2025-09-02,10,200,4,1,False
42,James Conner,ARI,19,8,2025,ESPN 2025 Fantasy Football Draft Kit - PPR,2025-09-02,10,200,4,1,False
43,TreVeyon Henderson,NE,18,14,2025,ESPN 2025 Fantasy Football Draft Kit - PPR,2025-09-02,10,200,4,1,False
44,Kenneth Walker III,SEA,17,8,2025,ESPN 2025 Fantasy Football Draft Kit - PPR,2025-09-02,10,200,4,1,False
45,Marvin Harrison Jr.,ARI,17,8,2025,ESPN 2025 Fantasy Football Draft Kit - PPR,2025-09-02,10,200,4,1,False
46,DK Metcalf,PIT,15,5,2025,ESPN 2025 Fantasy Football Draft Kit - PPR,2025-09-02,10,200,4,1,False
47,Tetairoa McMillan,CAR,15,14,2025,ESPN 2025 Fantasy Football Draft Kit - PPR,2025-09-02,10,200,4,1,False
48,Xavier Worthy,KC,14,10,2025,ESPN 2025 Fantasy Football Draft Kit - PPR,2025-09-02,10,200,4,1,False
49,Mike Evans,TB,13,9,2025,ESPN 2025 Fantasy Football Draft Kit - PPR,2025-09-02,10,200,4,1,False
50,DJ Moore,CHI,13,5,2025,ESPN 2025 Fantasy Football Draft Kit - PPR,2025-09-02,10,200,4,1,False
51,Breece Hall,NYJ,12,9,2025,ESPN 2025 Fantasy Football Draft Kit - PPR,2025-09-02,10,200,4,1,False
52,D'Andre Swift,CHI,11,5,2025,ESPN 2025 Fantasy Football Draft Kit - PPR,2025-09-02,10,200,4,1,False
53,Zay Flowers,BAL,11,7,2025,ESPN 2025 Fantasy Football Draft Kit - PPR,2025-09-02,10,200,4,1,False
54,Courtland Sutton,DEN,10,12,2025,ESPN 2025 Fantasy Football Draft Kit - PPR,2025-09-02,10,200,4,1,False
55,Calvin Ridley,TEN,10,10,2025,ESPN 2025 Fantasy Football Draft Kit - PPR,2025-09-02,10,200,4,1,False
56,DeVonta Smith,PHI,10,9,2025,ESPN 2025 Fantasy Football Draft Kit - PPR,2025-09-02,10,200,4,1,False
57,Jaylen Waddle,MIA,10,12,2025,ESPN 2025 Fantasy Football Draft Kit - PPR,2025-09-02,10,200,4,1,False
58,Jerry Jeudy,CLE,9,9,2025,ESPN 2025 Fantasy Football Draft Kit - PPR,2025-09-02,10,200,4,1,False
59,Jameson Williams,DET,9,8,2025,ESPN 2025 Fantasy Football Draft Kit - PPR,2025-09-02,10,200,4,1,False
60,Rashee Rice,KC,9,10,2025,ESPN 2025 Fantasy Football Draft Kit - PPR,2025-09-02,10,200,4,1,False
61,Sam LaPorta,DET,8,8,2025,ESPN 2025 Fantasy Football Draft Kit - PPR,2025-09-02,10,200,4,1,False
62,Patrick Mahomes,KC,8,10,2025,ESPN 2025 Fantasy Football Draft Kit - PPR,2025-09-02,10,200,4,1,False
63,Baker Mayfield,TB,8,9,2025,ESPN 2025 Fantasy Football Draft Kit - PPR,2025-09-02,10,200,4,1,False
64,George Pickens,DAL,7,10,2025,ESPN 2025 Fantasy Football Draft Kit - PPR,2025-09-02,10,200,4,1,False
65,Rome Odunze,CHI,7,5,2025,ESPN 2025 Fantasy Football Draft Kit - PPR,2025-09-02,10,200,4,1,False
66,Travis Hunter,JAC,7,8,2025,ESPN 2025 Fantasy Football Draft Kit - PPR,2025-09-02,10,200,4,1,False
67,Tony Pollard,TEN,7,10,2025,ESPN 2025 Fantasy Football Draft Kit - PPR,2025-09-02,10,200,4,1,False
68,David Montgomery,DET,6,8,2025,ESPN 2025 Fantasy Football Draft Kit - PPR,2025-09-02,10,200,4,1,False
69,T.J. Hockenson,MIN,6,6,2025,ESPN 2025 Fantasy Football Draft Kit - PPR,2025-09-02,10,200,4,1,False
70,Aaron Jones,MIN,6,6,2025,ESPN 2025 Fantasy Football Draft Kit - PPR,2025-09-02,10,200,4,1,False
71,RJ Harvey,DEN,6,12,2025,ESPN 2025 Fantasy Football Draft Kit - PPR,2025-09-02,10,200,4,1,False
72,Isiah Pacheco,KC,6,10,2025,ESPN 2025 Fantasy Football Draft Kit - PPR,2025-09-02,10,200,4,1,False
73,Jakobi Meyers,LV,6,8,2025,ESPN 2025 Fantasy Football Draft Kit - PPR,2025-09-02,10,200,4,1,False
74,Matthew Golden,GB,5,5,2025,ESPN 2025 Fantasy Football Draft Kit - PPR,2025-09-02,10,200,4,1,False
75,Emeka Egbuka,TB,5,9,2025,ESPN 2025 Fantasy Football Draft Kit - PPR,2025-09-02,10,200,4,1,False
76,Chris Olave,NO,5,11,2025,ESPN 2025 Fantasy Football Draft Kit - PPR,2025-09-02,10,200,4,1,False
77,Ricky Pearsall,SF,5,14,2025,ESPN 2025 Fantasy Football Draft Kit - PPR,2025-09-02,10,200,4,1,False
78,Michael Pittman Jr.,IND,4,11,2025,ESPN 2025 Fantasy Football Draft Kit - PPR,2025-09-02,10,200,4,1,False
79,Stefon Diggs,NE,4,14,2025,ESPN 2025 Fantasy Football Draft Kit - PPR,2025-09-02,10,200,4,1,False
80,Tyrone Tracy Jr.,NYG,4,14,2025,ESPN 2025 Fantasy Football Draft Kit - PPR,2025-09-02,10,200,4,1,False
81,Jaylen Warren,PIT,4,5,2025,ESPN 2025 Fantasy Football Draft Kit - PPR,2025-09-02,10,200,4,1,False
82,Bill Croskey-Merritt,WAS,4,12,2025,ESPN 2025 Fantasy Football Draft Kit - PPR,2025-09-02,10,200,4,1,False
83,Travis Kelce,KC,4,10,2025,ESPN 2025 Fantasy Football Draft Kit - PPR,2025-09-02,10,200,4,1,False
84,David Njoku,CLE,4,9,2025,ESPN 2025 Fantasy Football Draft Kit - PPR,2025-09-02,10,200,4,1,False
85,Mark Andrews,BAL,4,7,2025,ESPN 2025 Fantasy Football Draft Kit - PPR,2025-09-02,10,200,4,1,False
86,Evan Engram,DEN,4,12,2025,ESPN 2025 Fantasy Football Draft Kit - PPR,2025-09-02,10,200,4,1,False
87,Bo Nix,DEN,3,12,2025,ESPN 2025 Fantasy Football Draft Kit - PPR,2025-09-02,10,200,4,1,False
88,Kyler Murray,ARI,3,8,2025,ESPN 2025 Fantasy Football Draft Kit - PPR,2025-09-02,10,200,4,1,False
89,Brock Purdy,SF,3,14,2025,ESPN 2025 Fantasy Football Draft Kit - PPR,2025-09-02,10,200,4,1,False
90,Austin Ekeler,WAS,3,12,2025,ESPN 2025 Fantasy Football Draft Kit - PPR,2025-09-02,10,200,4,1,False
91,J.K. Dobbins,DEN,3,12,2025,ESPN 2025 Fantasy Football Draft Kit - PPR,2025-09-02,10,200,4,1,False
92,Rhamondre Stevenson,NE,3,14,2025,ESPN 2025 Fantasy Football Draft Kit - PPR,2025-09-02,10,200,4,1,False
93,Javonte Williams,DAL,3,10,2025,ESPN 2025 Fantasy Football Draft Kit - PPR,2025-09-02,10,200,4,1,False
94,Kaleb Johnson,PIT,3,5,2025,ESPN 2025 Fantasy Football Draft Kit - PPR,2025-09-02,10,200,4,1,False
95,Cam Skattebo,NYG,3,14,2025,ESPN 2025 Fantasy Football Draft Kit - PPR,2025-09-02,10,200,4,1,False
96,Cooper Kupp,SEA,2,8,2025,ESPN 2025 Fantasy Football Draft Kit - PPR,2025-09-02,10,200,4,1,False
97,Jordan Addison,MIN,2,6,2025,ESPN 2025 Fantasy Football Draft Kit - PPR,2025-09-02,10,200,4,1,False
98,Jauan Jennings,SF,2,14,2025,ESPN 2025 Fantasy Football Draft Kit - PPR,2025-09-02,10,200,4,1,False
99,Deebo Samuel Sr.,WAS,2,12,2025,ESPN 2025 Fantasy Football Draft Kit - PPR,2025-09-02,10,200,4,1,False
100,Khalil Shakir,BUF,2,7,2025,ESPN 2025 Fantasy Football Draft Kit - PPR,2025-09-02,10,200,4,1,False
101,Keon Coleman,BUF,2,7,2025,ESPN 2025 Fantasy Football Draft Kit - PPR,2025-09-02,10,200,4,1,False
102,Chris Godwin,TB,2,9,2025,ESPN 2025 Fantasy Football Draft Kit - PPR,2025-09-02,10,200,4,1,False
103,Justin Herbert,LAC,2,12,2025,ESPN 2025 Fantasy Football Draft Kit - PPR,2025-09-02,10,200,4,1,False
104,Caleb Williams,CHI,2,5,2025,ESPN 2025 Fantasy Football Draft Kit - PPR,2025-09-02,10,200,4,1,False
105,Drake Maye,NE,2,14,2025,ESPN 2025 Fantasy Football Draft Kit - PPR,2025-09-02,10,200,4,1,False
106,Dak Prescott,DAL,2,10,2025,ESPN 2025 Fantasy Football Draft Kit - PPR,2025-09-02,10,200,4,1,False
107,Josh Downs,IND,2,11,2025,ESPN 2025 Fantasy Football Draft Kit - PPR,2025-09-02,10,200,4,1,False
108,Jayden Reed,GB,2,5,2025,ESPN 2025 Fantasy Football Draft Kit - PPR,2025-09-02,10,200,4,1,False
109,Keenan Allen,LAC,2,12,2025,ESPN 2025 Fantasy Football Draft Kit - PPR,2025-09-02,10,200,4,1,False
110,Darnell Mooney,ATL,2,5,2025,ESPN 2025 Fantasy Football Draft Kit - PPR,2025-09-02,10,200,4,1,False
111,Rashid Shaheed,NO,2,11,2025,ESPN 2025 Fantasy Football Draft Kit - PPR,2025-09-02,10,200,4,1,False
112,Xavier Legette,CAR,2,14,2025,ESPN 2025 Fantasy Football Draft Kit - PPR,2025-09-02,10,200,4,1,False
113,Tyler Warren,IND,2,11,2025,ESPN 2025 Fantasy Football Draft Kit - PPR,2025-09-02,10,200,4,1,False
114,Jordan Mason,MIN,2,6,2025,ESPN 2025 Fantasy Football Draft Kit - PPR,2025-09-02,10,200,4,1,False
115,Travis Etienne Jr.,JAC,2,8,2025,ESPN 2025 Fantasy Football Draft Kit - PPR,2025-09-02,10,200,4,1,False
116,Tank Bigsby,JAC,2,8,2025,ESPN 2025 Fantasy Football Draft Kit - PPR,2025-09-02,10,200,4,1,False
117,Bhayshul Tuten,JAC,2,8,2025,ESPN 2025 Fantasy Football Draft Kit - PPR,2025-09-02,10,200,4,1,False
118,Zach Charbonnet,SEA,2,8,2025,ESPN 2025 Fantasy Football Draft Kit - PPR,2025-09-02,10,200,4,1,False
119,Nick Chubb,HOU,2,6,2025,ESPN 2025 Fantasy Football Draft Kit - PPR,2025-09-02,10,200,4,1,False
120,Jerome Ford,CLE,2,9,2025,ESPN 2025 Fantasy Football Draft Kit - PPR,2025-09-02,10,200,4,1,False
121,Justin Fields,NYJ,1,9,2025,ESPN 2025 Fantasy Football Draft Kit - PPR,2025-09-02,10,200,4,1,False
122,Jordan Love,GB,1,5,2025,ESPN 2025 Fantasy Football Draft Kit - PPR,2025-09-02,10,200,4,1,False
123,J.J. McCarthy,MIN,1,6,2025,ESPN 2025 Fantasy Football Draft Kit - PPR,2025-09-02,10,200,4,1,False
124,C.J. Stroud,HOU,1,6,2025,ESPN 2025 Fantasy Football Draft Kit - PPR,2025-09-02,10,200,4,1,False
125,Colston Loveland,CHI,1,5,2025,ESPN 2025 Fantasy Football Draft Kit - PPR,2025-09-02,10,200,4,1,False
126,Tucker Kraft,GB,1,5,2025,ESPN 2025 Fantasy Football Draft Kit - PPR,2025-09-02,10,200,4,1,False
127,Dallas Goedert,PHI,1,9,2025,ESPN 2025 Fantasy Football Draft Kit - PPR,2025-09-02,10,200,4,1,False
128,Jake Ferguson,DAL,1,10,2025,ESPN 2025 Fantasy Football Draft Kit - PPR,2025-09-02,10,200,4,1,False
129,Dalton Kincaid,BUF,1,7,2025,ESPN 2025 Fantasy Football Draft Kit - PPR,2025-09-02,10,200,4,1,False
130,Trey Benson,ARI,1,8,2025,ESPN 2025 Fantasy Football Draft Kit - PPR,2025-09-02,10,200,4,1,False
131,Rachaad White,TB,1,9,2025,ESPN 2025 Fantasy Football Draft Kit - PPR,2025-09-02,10,200,4,1,False
132,Jaydon Blue,DAL,1,10,2025,ESPN 2025 Fantasy Football Draft Kit - PPR,2025-09-02,10,200,4,1,False
133,Tyler Allgeier,ATL,1,5,2025,ESPN 2025 Fantasy Football Draft Kit - PPR,2025-09-02,10,200,4,1,False
134,Braelon Allen,NYJ,1,9,2025,ESPN 2025 Fantasy Football Draft Kit - PPR,2025-09-02,10,200,4,1,False
135,Najee Harris,LAC,1,12,2025,ESPN 2025 Fantasy Football Draft Kit - PPR,2025-09-02,10,200,4,1,False
136,Cedric Tillman,CLE,1,9,2025,ESPN 2025 Fantasy Football Draft Kit - PPR,2025-09-02,10,200,4,1,False
137,Hollywood Brown,KC,1,10,2025,ESPN 2025 Fantasy Football Draft Kit - PPR,2025-09-02,10,200,4,1,False
138,Jayden Higgins,HOU,1,6,2025,ESPN 2025 Fantasy Football Draft Kit - PPR,2025-09-02,10,200,4,1,False
139,Wan'Dale Robinson,NYG,1,14,2025,ESPN 2025 Fantasy Football Draft Kit - PPR,2025-09-02,10,200,4,1,False
140,Marvin Mims Jr.,DEN,1,12,2025,ESPN 2025 Fantasy Football Draft Kit - PPR,2025-09-02,10,200,4,1,False
141,Hunter Henry,NE,1,14,2025,ESPN 2025 Fantasy Football Draft Kit - PPR,2025-09-02,10,200,4,1,False
142,Kyle Pitts,ATL,1,5,2025,ESPN 2025 Fantasy Football Draft Kit - PPR,2025-09-02,10,200,4,1,False
143,Jared Goff,DET,1,8,2025,ESPN 2025 Fantasy Football Draft Kit - PPR,2025-09-02,10,200,4,1,False
144,Tua Tagovailoa,MIA,1,12,2025,ESPN 2025 Fantasy Football Draft Kit - PPR,2025-09-02,10,200,4,1,False
145,Matthew Stafford,LAR,1,8,2025,ESPN 2025 Fantasy Football Draft Kit - PPR,2025-09-02,10,200,4,1,False
146,Dylan Sampson,CLE,1,9,2025,ESPN 2025 Fantasy Football Draft Kit - PPR,2025-09-02,10,200,4,1,False
147,Quinshon Judkins,CLE,1,9,2025,ESPN 2025 Fantasy Football Draft Kit - PPR,2025-09-02,10,200,4,1,False
148,Joe Mixon,HOU,1,6,2025,ESPN 2025 Fantasy Football Draft Kit - PPR,2025-09-02,10,200,4,1,False
149,Ray Davis,BUF,1,7,2025,ESPN 2025 Fantasy Football Draft Kit - PPR,2025-09-02,10,200,4,1,False
150,Will Shipley,PHI,1,9,2025,ESPN 2025 Fantasy Football Draft Kit - PPR,2025-09-02,10,200,4,1,False
151,Ollie Gordon II,MIA,1,12,2025,ESPN 2025 Fantasy Football Draft Kit - PPR,2025-09-02,10,200,4,1,False
152,Rashod Bateman,BAL,1,7,2025,ESPN 2025 Fantasy Football Draft Kit - PPR,2025-09-02,10,200,4,1,False
153,DeMario Douglas,NE,1,14,2025,ESPN 2025 Fantasy Football Draft Kit - PPR,2025-09-02,10,200,4,1,False
154,Christian Kirk,HOU,1,6,2025,ESPN 2025 Fantasy Football Draft Kit - PPR,2025-09-02,10,200,4,1,False
155,Brandon Aiyuk,SF,1,14,2025,ESPN 2025 Fantasy Football Draft Kit - PPR,2025-09-02,10,200,4,1,False
156,Joshua Palmer,BUF,1,7,2025,ESPN 2025 Fantasy Football Draft Kit - PPR,2025-09-02,10,200,4,1,False
157,Romeo Doubs,GB,1,5,2025,ESPN 2025 Fantasy Football Draft Kit - PPR,2025-09-02,10,200,4,1,False
158,Tre Harris,LAC,1,12,2025,ESPN 2025 Fantasy Football Draft Kit - PPR,2025-09-02,10,200,4,1,False
159,Michael Wilson,ARI,1,8,2025,ESPN 2025 Fantasy Football Draft Kit - PPR,2025-09-02,10,200,4,1,False
160,Woody Marks,HOU,1,6,2025,ESPN 2025 Fantasy Football Draft Kit - PPR,2025-09-02,10,200,4,1,False
161,Dameon Pierce,HOU,0,6,2025,ESPN 2025 Fantasy Football Draft Kit - PPR,2025-09-02,10,200,4,1,False
162,Kendre Miller,NO,0,11,2025,ESPN 2025 Fantasy Football Draft Kit - PPR,2025-09-02,10,200,4,1,False
163,Amari Cooper,LV,0,8,2025,ESPN 2025 Fantasy Football Draft Kit - PPR,2025-09-02,10,200,4,1,False
164,Luther Burden III,CHI,0,5,2025,ESPN 2025 Fantasy Football Draft Kit - PPR,2025-09-02,10,200,4,1,False
165,Zach Ertz,WAS,0,12,2025,ESPN 2025 Fantasy Football Draft Kit - PPR,2025-09-02,10,200,4,1,False
166,Brenton Strange,JAC,0,8,2025,ESPN 2025 Fantasy Football Draft Kit - PPR,2025-09-02,10,200,4,1,False
167,Jonnu Smith,PIT,0,5,2025,ESPN 2025 Fantasy Football Draft Kit - PPR,2025-09-02,10,200,4,1,False
168,Darren Waller,MIA,0,12,2025,ESPN 2025 Fantasy Football Draft Kit - PPR,2025-09-02,10,200,4,1,False
181,Jake Bates,DET,1,8,2025,ESPN 2025 Fantasy Football Draft Kit - PPR,2025-09-02,10,200,4,1,False
182,Chase McLaughlin,TB,1,9,2025,ESPN 2025 Fantasy Football Draft Kit - PPR,2025-09-02,10,200,4,1,False
183,Cameron Dicker,LAC,1,12,2025,ESPN 2025 Fantasy Football Draft Kit - PPR,2025-09-02,10,200,4,1,False
184,Brandon Aubrey,DAL,1,10,2025,ESPN 2025 Fantasy Football Draft Kit - PPR,2025-09-02,10,200,4,1,False
185,Tyler Bass,BUF,1,7,2025,ESPN 2025 Fantasy Football Draft Kit - PPR,2025-09-02,10,200,4,1,False
186,Jake Elliott,PHI,1,9,2025,ESPN 2025 Fantasy Football Draft Kit - PPR,2025-09-02,10,200,4,1,False
187,Chris Boswell,PIT,1,5,2025,ESPN 2025 Fantasy Football Draft Kit - PPR,2025-09-02,10,200,4,1,False
188,Harrison Butker,KC,1,10,2025,ESPN 2025 Fantasy Football Draft Kit - PPR,2025-09-02,10,200,4,1,False
189,Cairo Santos,CHI,1,5,2025,ESPN 2025 Fantasy Football Draft Kit - PPR,2025-09-02,10,200,4,1,False
190,Tyler Loop,BAL,1,7,2025,ESPN 2025 Fantasy Football Draft Kit - PPR,2025-09-02,10,200,4,1,False
191,Matt Gay,WAS,0,12,2025,ESPN 2025 Fantasy Football Draft Kit - PPR,2025-09-02,10,200,4,1,False
192,Ka'imi Fairbairn,HOU,0,6,2025,ESPN 2025 Fantasy Football Draft Kit - PPR,2025-09-02,10,200,4,1,False
193,Darius Slayton,NYG,0,14,2025,ESPN 2025 Fantasy Football Draft Kit - PPR,2025-09-02,10,200,4,1,False
194,Nick Westbrook-Ikhine,MIA,0,12,2025,ESPN 2025 Fantasy Football Draft Kit - PPR,2025-09-02,10,200,4,1,False
195,Brian Robinson Jr.,SF,0,14,2025,ESPN 2025 Fantasy Football Draft Kit - PPR,2025-09-02,10,200,4,1,False
196,Justice Hill,BAL,0,7,2025,ESPN 2025 Fantasy Football Draft Kit - PPR,2025-09-02,10,200,4,1,False
197,Adam Thielen,MIN,0,6,2025,ESPN 2025 Fantasy Football Draft Kit - PPR,2025-09-02,10,200,4,1,False
198,Trevor Lawrence,JAC,0,8,2025,ESPN 2025 Fantasy Football Draft Kit - PPR,2025-09-02,10,200,4,1,False
199,Cameron Ward,TEN,0,10,2025,ESPN 2025 Fantasy Football Draft Kit - PPR,2025-09-02,10,200,4,1,False
200,Michael Penix Jr.,ATL,0,5,2025,ESPN 2025 Fantasy Football Draft Kit - PPR,2025-09-02,10,200,4,1,False
201,DeAndre Hopkins,BAL,0,7,2025,ESPN 2025 Fantasy Football Draft Kit - PPR,2025-09-02,10,200,4,1,False
202,Elic Ayomanor,TEN,0,10,2025,ESPN 2025 Fantasy Football Draft Kit - PPR,2025-09-02,10,200,4,1,False
203,Pat Bryant,DEN,0,12,2025,ESPN 2025 Fantasy Football Draft Kit - PPR,2025-09-02,10,200,4,1,False
204,Tutu Atwell,LAR,0,8,2025,ESPN 2025 Fantasy Football Draft Kit - PPR,2025-09-02,10,200,4,1,False
205,Josh Reynolds,NYJ,0,9,2025,ESPN 2025 Fantasy Football Draft Kit - PPR,2025-09-02,10,200,4,1,False
206,Chigoziem Okonkwo,TEN,0,10,2025,ESPN 2025 Fantasy Football Draft Kit - PPR,2025-09-02,10,200,4,1,False
207,Mason Taylor,NYJ,0,9,2025,ESPN 2025 Fantasy Football Draft Kit - PPR,2025-09-02,10,200,4,1,False
208,Ray-Ray McCloud III,ATL,0,5,2025,ESPN 2025 Fantasy Football Draft Kit - PPR,2025-09-02,10,200,4,1,False
209,Dyami Brown,JAC,0,8,2025,ESPN 2025 Fantasy Football Draft Kit - PPR,2025-09-02,10,200,4,1,False
210,Calvin Austin III,PIT,0,5,2025,ESPN 2025 Fantasy Football Draft Kit - PPR,2025-09-02,10,200,4,1,False
211,Noah Brown,WAS,0,12,2025,ESPN 2025 Fantasy Football Draft Kit - PPR,2025-09-02,10,200,4,1,False
212,Tyjae Spears,TEN,0,10,2025,ESPN 2025 Fantasy Football Draft Kit - PPR,2025-09-02,10,200,4,1,False
213,Rico Dowdle,CAR,0,14,2025,ESPN 2025 Fantasy Football Draft Kit - PPR,2025-09-02,10,200,4,1,False
214,Miles Sanders,DAL,0,10,2025,ESPN 2025 Fantasy Football Draft Kit - PPR,2025-09-02,10,200,4,1,False
215,Cade Otton,TB,0,9,2025,ESPN 2025 Fantasy Football Draft Kit - PPR,2025-09-02,10,200,4,1,False
216,Pat Freiermuth,PIT,0,5,2025,ESPN 2025 Fantasy Football Draft Kit - PPR,2025-09-02,10,200,4,1,False
217,Dalton Schultz,HOU,0,6,2025,ESPN 2025 Fantasy Football Draft Kit - PPR,2025-09-02,10,200,4,1,False
218,Bryce Young,CAR,0,14,2025,ESPN 2025 Fantasy Football Draft Kit - PPR,2025-09-02,10,200,4,1,False
219,Geno Smith,LV,0,8,2025,ESPN 2025 Fantasy Football Draft Kit - PPR,2025-09-02,10,200,4,1,False
220,Sam Darnold,SEA,0,8,2025,ESPN 2025 Fantasy Football Draft Kit - PPR,2025-09-02,10,200,4,1,False
221,Roschon Johnson,CHI,0,5,2025,ESPN 2025 Fantasy Football Draft Kit - PPR,2025-09-02,10,200,4,1,False
222,Kareem Hunt,KC,0,10,2025,ESPN 2025 Fantasy Football Draft Kit - PPR,2025-09-02,10,200,4,1,False
223,Blake Corum,LAR,0,8,2025,ESPN 2025 Fantasy Football Draft Kit - PPR,2025-09-02,10,200,4,1,False
224,Tyler Lockett,TEN,0,10,2025,ESPN 2025 Fantasy Football Draft Kit - PPR,2025-09-02,10,200,4,1,False
225,MarShawn Lloyd,GB,0,5,2025,ESPN 2025 Fantasy Football Draft Kit - PPR,2025-09-02,10,200,4,1,False
226,DJ Giddens,IND,0,11,2025,ESPN 2025 Fantasy Football Draft Kit - PPR,2025-09-02,10,200,4,1,False
227,Quentin Johnston,LAC,0,12,2025,ESPN 2025 Fantasy Football Draft Kit - PPR,2025-09-02,10,200,4,1,False
228,Christian Watson,GB,0,5,2025,ESPN 2025 Fantasy Football Draft Kit - PPR,2025-09-02,10,200,4,1,False
229,Adonai Mitchell,IND,0,11,2025,ESPN 2025 Fantasy Football Draft Kit - PPR,2025-09-02,10,200,4,1,False
230,Troy Franklin,DEN,0,12,2025,ESPN 2025 Fantasy Football Draft Kit - PPR,2025-09-02,10,200,4,1,False
231,KaVontae Turpin,DAL,0,10,2025,ESPN 2025 Fantasy Football Draft Kit - PPR,2025-09-02,10,200,4,1,False
232,Allen Lazard,NYJ,0,9,2025,ESPN 2025 Fantasy Football Draft Kit - PPR,2025-09-02,10,200,4,1,False
233,Jalen Coker,CAR,0,14,2025,ESPN 2025 Fantasy Football Draft Kit - PPR,2025-09-02,10,200,4,1,False
234,Andrei Iosivas,CIN,0,10,2025,ESPN 2025 Fantasy Football Draft Kit - PPR,2025-09-02,10,200,4,1,False
237,Joshua Karty,LAR,0,8,2025,ESPN 2025 Fantasy Football Draft Kit - PPR,2025-09-02,10,200,4,1,False
238,Nick Folk,NYJ,0,9,2025,ESPN 2025 Fantasy Football Draft Kit - PPR,2025-09-02,10,200,4,1,False
239,Samaje Perine,CIN,0,10,2025,ESPN 2025 Fantasy Football Draft Kit - PPR,2025-09-02,10,200,4,1,False
240,Kenneth Gainwell,PIT,0,5,2025,ESPN 2025 Fantasy Football Draft Kit - PPR,2025-09-02,10,200,4,1,False
241,Jaylen Wright,MIA,0,12,2025,ESPN 2025 Fantasy Football Draft Kit - PPR,2025-09-02,10,200,4,1,False
242,Ty Johnson,BUF,0,7,2025,ESPN 2025 Fantasy Football Draft Kit - PPR,2025-09-02,10,200,4,1,False
243,Kyle Monangai,CHI,0,5,2025,ESPN 2025 Fantasy Football Draft Kit - PPR,2025-09-02,10,200,4,1,False
244,Devin Neal,NO,0,11,2025,ESPN 2025 Fantasy Football Draft Kit - PPR,2025-09-02,10,200,4,1,False
245,Elijah Mitchell,KC,0,10,2025,ESPN 2025 Fantasy Football Draft Kit - PPR,2025-09-02,10,200,4,1,False
246,Raheem Mostert,LV,0,8,2025,ESPN 2025 Fantasy Football Draft Kit - PPR,2025-09-02,10,200,4,1,False
247,Isaac Guerendo,SF,0,14,2025,ESPN 2025 Fantasy Football Draft Kit - PPR,2025-09-02,10,200,4,1,False
248,Jarquez Hunter,LAR,0,8,2025,ESPN 2025 Fantasy Football Draft Kit - PPR,2025-09-02,10,200,4,1,False
249,Chris Rodriguez Jr.,WAS,0,12,2025,ESPN 2025 Fantasy Football Draft Kit - PPR,2025-09-02,10,200,4,1,False
250,Emanuel Wilson,GB,0,5,2025,ESPN 2025 Fantasy Football Draft Kit - PPR,2025-09-02,10,200,4,1,False
251,Sean Tucker,TB,0,9,2025,ESPN 2025 Fantasy Football Draft Kit - PPR,2025-09-02,10,200,4,1,False
256,Brandon McManus,GB,0,5,2025,ESPN 2025 Fantasy Football Draft Kit - PPR,2025-09-02,10,200,4,1,False
258,Theo Johnson,NYG,0,14,2025,ESPN 2025 Fantasy Football Draft Kit - PPR,2025-09-02,10,200,4,1,False
259,Elijah Arroyo,SEA,0,8,2025,ESPN 2025 Fantasy Football Draft Kit - PPR,2025-09-02,10,200,4,1,False
260,Tyler Higbee,LAR,0,8,2025,ESPN 2025 Fantasy Football Draft Kit - PPR,2025-09-02,10,200,4,1,False
265,Emari Demercado,ARI,0,8,2025,ESPN 2025 Fantasy Football Draft Kit - PPR,2025-09-02,10,200,4,1,False
266,Isaiah Davis,NYJ,0,9,2025,ESPN 2025 Fantasy Football Draft Kit - PPR,2025-09-02,10,200,4,1,False
267,Daniel Jones,IND,0,11,2025,ESPN 2025 Fantasy Football Draft Kit - PPR,2025-09-02,10,200,4,1,False
268,Aaron Rodgers,PIT,0,5,2025,ESPN 2025 Fantasy Football Draft Kit - PPR,2025-09-02,10,200,4,1,False
269,Russell Wilson,NYG,0,14,2025,ESPN 2025 Fantasy Football Draft Kit - PPR,2025-09-02,10,200,4,1,False
270,Joe Flacco,CLE,0,9,2025,ESPN 2025 Fantasy Football Draft Kit - PPR,2025-09-02,10,200,4,1,False
276,Kalel Mullings,TEN,0,10,2025,ESPN 2025 Fantasy Football Draft Kit - PPR,2025-09-02,10,200,4,1,False
277,Keaton Mitchell,BAL,0,7,2025,ESPN 2025 Fantasy Football Draft Kit - PPR,2025-09-02,10,200,4,1,False
278,Kyle Juszczyk,SF,0,14,2025,ESPN 2025 Fantasy Football Draft Kit - PPR,2025-09-02,10,200,4,1,False
289,Juwan Johnson,NO,0,11,2025,ESPN 2025 Fantasy Football Draft Kit - PPR,2025-09-02,10,200,4,1,False
290,Mike Gesicki,CIN,0,10,2025,ESPN 2025 Fantasy Football Draft Kit - PPR,2025-09-02,10,200,4,1,False
291,Isaiah Likely,BAL,0,7,2025,ESPN 2025 Fantasy Football Draft Kit - PPR,2025-09-02,10,200,4,1,False
292,Ja'Tavion Sanders,CAR,0,14,2025,ESPN 2025 Fantasy Football Draft Kit - PPR,2025-09-02,10,200,4,1,False
293,Noah Fant,CIN,0,10,2025,ESPN 2025 Fantasy Football Draft Kit - PPR,2025-09-02,10,200,4,1,False
296,Spencer Rattler,NO,0,11,2025,ESPN 2025 Fantasy Football Draft Kit - PPR,2025-09-02,10,200,4,1,False
301,Jaxson Dart,NYG,0,14,2025,ESPN 2025 Fantasy Football Draft Kit - PPR,2025-09-02,10,200,4,1,False
302,Tyler Shough,NO,0,11,2025,ESPN 2025 Fantasy Football Draft Kit - PPR,2025-09-02,10,200,4,1,False
310,Anthony Richardson,IND,0,11,2025,ESPN 2025 Fantasy Football Draft Kit - PPR,2025-09-02,10,200,4,1,False
311,AJ Barner,SEA,0,8,2025,ESPN 2025 Fantasy Football Draft Kit - PPR,2025-09-02,10,200,4,1,False
315,Dillon Gabriel,CLE,0,9,2025,ESPN 2025 Fantasy Football Draft Kit - PPR,2025-09-02,10,200,4,1,False
316,Shedeur Sanders,CLE,0,9,2025,ESPN 2025 Fantasy Football Draft Kit - PPR,2025-09-02,10,200,4,1,False
317,Jalen Milroe,SEA,0,8,2025,ESPN 2025 Fantasy Football Draft Kit - PPR,2025-09-02,10,200,4,1,False
318,Jimmy Garoppolo,LAR,0,8,2025,ESPN 2025 Fantasy Football Draft Kit - PPR,2025-09-02,10,200,4,1,False
319,Kirk Cousins,ATL,0,5,2025,ESPN 2025 Fantasy Football Draft Kit - PPR,2025-09-02,10,200,4,1,False
