overall_rank,position,position_rank,player,team,espn_10_team_value,bye_week,market_value,season,source,source_as_of,league_teams,budget_per_team,draft_pool_players,passing_td_points_source,reception_points,calibration_method
1,RB,1,Jahmyr Gibbs,DET,57,6,64,2026,"ESPN 2026 PPR Top 300, calibrated to portfolio league",2026-08-09,12,200,180,4,1,"$1 minimum plus proportional allocation of the remaining $2,220 using ESPN 10-team values; kickers excluded"
2,RB,2,Bijan Robinson,ATL,56,11,63,2026,"ESPN 2026 PPR Top 300, calibrated to portfolio league",2026-08-09,12,200,180,4,1,"$1 minimum plus proportional allocation of the remaining $2,220 using ESPN 10-team values; kickers excluded"
3,WR,1,Puka Nacua,LAR,56,11,63,2026,"ESPN 2026 PPR Top 300, calibrated to portfolio league",2026-08-09,12,200,180,4,1,"$1 minimum plus proportional allocation of the remaining $2,220 using ESPN 10-team values; kickers excluded"
4,WR,2,Ja'Marr Chase,CIN,55,6,62,2026,"ESPN 2026 PPR Top 300, calibrated to portfolio league",2026-08-09,12,200,180,4,1,"$1 minimum plus proportional allocation of the remaining $2,220 using ESPN 10-team values; kickers excluded"
5,WR,3,Jaxon Smith-Njigba,SEA,54,11,61,2026,"ESPN 2026 PPR Top 300, calibrated to portfolio league",2026-08-09,12,200,180,4,1,"$1 minimum plus proportional allocation of the remaining $2,220 using ESPN 10-team values; kickers excluded"
6,RB,3,Christian McCaffrey,SF,53,8,60,2026,"ESPN 2026 PPR Top 300, calibrated to portfolio league",2026-08-09,12,200,180,4,1,"$1 minimum plus proportional allocation of the remaining $2,220 using ESPN 10-team values; kickers excluded"
7,RB,4,Jonathan Taylor,IND,52,13,59,2026,"ESPN 2026 PPR Top 300, calibrated to portfolio league",2026-08-09,12,200,180,4,1,"$1 minimum plus proportional allocation of the remaining $2,220 using ESPN 10-team values; kickers excluded"
8,WR,4,Amon-Ra St. Brown,DET,52,6,59,2026,"ESPN 2026 PPR Top 300, calibrated to portfolio league",2026-08-09,12,200,180,4,1,"$1 minimum plus proportional allocation of the remaining $2,220 using ESPN 10-team values; kickers excluded"
9,WR,5,CeeDee Lamb,DAL,51,14,58,2026,"ESPN 2026 PPR Top 300, calibrated to portfolio league",2026-08-09,12,200,180,4,1,"$1 minimum plus proportional allocation of the remaining $2,220 using ESPN 10-team values; kickers excluded"
10,RB,5,De'Von Achane,MIA,50,6,57,2026,"ESPN 2026 PPR Top 300, calibrated to portfolio league",2026-08-09,12,200,180,4,1,"$1 minimum plus proportional allocation of the remaining $2,220 using ESPN 10-team values; kickers excluded"
11,WR,6,Justin Jefferson,MIN,48,6,54,2026,"ESPN 2026 PPR Top 300, calibrated to portfolio league",2026-08-09,12,200,180,4,1,"$1 minimum plus proportional allocation of the remaining $2,220 using ESPN 10-team values; kickers excluded"
12,RB,6,James Cook III,BUF,46,7,52,2026,"ESPN 2026 PPR Top 300, calibrated to portfolio league",2026-08-09,12,200,180,4,1,"$1 minimum plus proportional allocation of the remaining $2,220 using ESPN 10-team values; kickers excluded"
13,RB,7,Jeremiyah Love,ARI,45,14,51,2026,"ESPN 2026 PPR Top 300, calibrated to portfolio league",2026-08-09,12,200,180,4,1,"$1 minimum plus proportional allocation of the remaining $2,220 using ESPN 10-team values; kickers excluded"
14,WR,7,Drake London,ATL,43,11,49,2026,"ESPN 2026 PPR Top 300, calibrated to portfolio league",2026-08-09,12,200,180,4,1,"$1 minimum plus proportional allocation of the remaining $2,220 using ESPN 10-team values; kickers excluded"
15,RB,8,Ashton Jeanty,LV,42,13,48,2026,"ESPN 2026 PPR Top 300, calibrated to portfolio league",2026-08-09,12,200,180,4,1,"$1 minimum plus proportional allocation of the remaining $2,220 using ESPN 10-team values; kickers excluded"
16,WR,8,Rashee Rice,KC,40,5,45,2026,"ESPN 2026 PPR Top 300, calibrated to portfolio league",2026-08-09,12,200,180,4,1,"$1 minimum plus proportional allocation of the remaining $2,220 using ESPN 10-team values; kickers excluded"
17,TE,1,Trey McBride,ARI,38,14,43,2026,"ESPN 2026 PPR Top 300, calibrated to portfolio league",2026-08-09,12,200,180,4,1,"$1 minimum plus proportional allocation of the remaining $2,220 using ESPN 10-team values; kickers excluded"
18,RB,9,Omarion Hampton,LAC,37,7,42,2026,"ESPN 2026 PPR Top 300, calibrated to portfolio league",2026-08-09,12,200,180,4,1,"$1 minimum plus proportional allocation of the remaining $2,220 using ESPN 10-team values; kickers excluded"
19,RB,10,Saquon Barkley,PHI,36,10,41,2026,"ESPN 2026 PPR Top 300, calibrated to portfolio league",2026-08-09,12,200,180,4,1,"$1 minimum plus proportional allocation of the remaining $2,220 using ESPN 10-team values; kickers excluded"
20,RB,11,Derrick Henry,BAL,35,13,40,2026,"ESPN 2026 PPR Top 300, calibrated to portfolio league",2026-08-09,12,200,180,4,1,"$1 minimum plus proportional allocation of the remaining $2,220 using ESPN 10-team values; kickers excluded"
21,RB,12,Chase Brown,CIN,34,6,39,2026,"ESPN 2026 PPR Top 300, calibrated to portfolio league",2026-08-09,12,200,180,4,1,"$1 minimum plus proportional allocation of the remaining $2,220 using ESPN 10-team values; kickers excluded"
22,RB,13,Kenneth Walker III,KC,33,5,38,2026,"ESPN 2026 PPR Top 300, calibrated to portfolio league",2026-08-09,12,200,180,4,1,"$1 minimum plus proportional allocation of the remaining $2,220 using ESPN 10-team values; kickers excluded"
23,RB,14,Josh Jacobs,GB,32,11,37,2026,"ESPN 2026 PPR Top 300, calibrated to portfolio league",2026-08-09,12,200,180,4,1,"$1 minimum plus proportional allocation of the remaining $2,220 using ESPN 10-team values; kickers excluded"
24,TE,2,Brock Bowers,LV,32,13,37,2026,"ESPN 2026 PPR Top 300, calibrated to portfolio league",2026-08-09,12,200,180,4,1,"$1 minimum plus proportional allocation of the remaining $2,220 using ESPN 10-team values; kickers excluded"
25,WR,9,Nico Collins,HOU,31,8,35,2026,"ESPN 2026 PPR Top 300, calibrated to portfolio league",2026-08-09,12,200,180,4,1,"$1 minimum plus proportional allocation of the remaining $2,220 using ESPN 10-team values; kickers excluded"
26,WR,10,Garrett Wilson,NYJ,30,13,34,2026,"ESPN 2026 PPR Top 300, calibrated to portfolio league",2026-08-09,12,200,180,4,1,"$1 minimum plus proportional allocation of the remaining $2,220 using ESPN 10-team values; kickers excluded"
27,WR,11,A.J. Brown,NE,30,11,34,2026,"ESPN 2026 PPR Top 300, calibrated to portfolio league",2026-08-09,12,200,180,4,1,"$1 minimum plus proportional allocation of the remaining $2,220 using ESPN 10-team values; kickers excluded"
28,WR,12,Chris Olave,NO,29,8,33,2026,"ESPN 2026 PPR Top 300, calibrated to portfolio league",2026-08-09,12,200,180,4,1,"$1 minimum plus proportional allocation of the remaining $2,220 using ESPN 10-team values; kickers excluded"
29,WR,13,George Pickens,DAL,28,14,32,2026,"ESPN 2026 PPR Top 300, calibrated to portfolio league",2026-08-09,12,200,180,4,1,"$1 minimum plus proportional allocation of the remaining $2,220 using ESPN 10-team values; kickers excluded"
30,RB,15,Breece Hall,NYJ,27,13,31,2026,"ESPN 2026 PPR Top 300, calibrated to portfolio league",2026-08-09,12,200,180,4,1,"$1 minimum plus proportional allocation of the remaining $2,220 using ESPN 10-team values; kickers excluded"
31,RB,16,Javonte Williams,DAL,26,14,30,2026,"ESPN 2026 PPR Top 300, calibrated to portfolio league",2026-08-09,12,200,180,4,1,"$1 minimum plus proportional allocation of the remaining $2,220 using ESPN 10-team values; kickers excluded"
32,WR,14,Malik Nabers,NYG,25,8,29,2026,"ESPN 2026 PPR Top 300, calibrated to portfolio league",2026-08-09,12,200,180,4,1,"$1 minimum plus proportional allocation of the remaining $2,220 using ESPN 10-team values; kickers excluded"
33,WR,15,Tetairoa McMillan,CAR,24,5,28,2026,"ESPN 2026 PPR Top 300, calibrated to portfolio league",2026-08-09,12,200,180,4,1,"$1 minimum plus proportional allocation of the remaining $2,220 using ESPN 10-team values; kickers excluded"
34,WR,16,Zay Flowers,BAL,23,13,27,2026,"ESPN 2026 PPR Top 300, calibrated to portfolio league",2026-08-09,12,200,180,4,1,"$1 minimum plus proportional allocation of the remaining $2,220 using ESPN 10-team values; kickers excluded"
36,QB,1,Josh Allen,BUF,22,7,26,2026,"ESPN 2026 PPR Top 300, calibrated to portfolio league",2026-08-09,12,200,180,4,1,"$1 minimum plus proportional allocation of the remaining $2,220 using ESPN 10-team values; kickers excluded"
35,WR,17,DeVonta Smith,PHI,22,10,25,2026,"ESPN 2026 PPR Top 300, calibrated to portfolio league",2026-08-09,12,200,180,4,1,"$1 minimum plus proportional allocation of the remaining $2,220 using ESPN 10-team values; kickers excluded"
37,RB,17,Kyren Williams,LAR,22,11,25,2026,"ESPN 2026 PPR Top 300, calibrated to portfolio league",2026-08-09,12,200,180,4,1,"$1 minimum plus proportional allocation of the remaining $2,220 using ESPN 10-team values; kickers excluded"
38,RB,18,Travis Etienne Jr.,NO,21,8,24,2026,"ESPN 2026 PPR Top 300, calibrated to portfolio league",2026-08-09,12,200,180,4,1,"$1 minimum plus proportional allocation of the remaining $2,220 using ESPN 10-team values; kickers excluded"
39,RB,19,Cam Skattebo,NYG,21,8,24,2026,"ESPN 2026 PPR Top 300, calibrated to portfolio league",2026-08-09,12,200,180,4,1,"$1 minimum plus proportional allocation of the remaining $2,220 using ESPN 10-team values; kickers excluded"
40,RB,20,Quinshon Judkins,CLE,20,11,23,2026,"ESPN 2026 PPR Top 300, calibrated to portfolio league",2026-08-09,12,200,180,4,1,"$1 minimum plus proportional allocation of the remaining $2,220 using ESPN 10-team values; kickers excluded"
41,RB,21,Bucky Irving,TB,19,10,22,2026,"ESPN 2026 PPR Top 300, calibrated to portfolio league",2026-08-09,12,200,180,4,1,"$1 minimum plus proportional allocation of the remaining $2,220 using ESPN 10-team values; kickers excluded"
42,WR,18,Emeka Egbuka,TB,19,10,22,2026,"ESPN 2026 PPR Top 300, calibrated to portfolio league",2026-08-09,12,200,180,4,1,"$1 minimum plus proportional allocation of the remaining $2,220 using ESPN 10-team values; kickers excluded"
43,WR,19,Davante Adams,LAR,18,11,21,2026,"ESPN 2026 PPR Top 300, calibrated to portfolio league",2026-08-09,12,200,180,4,1,"$1 minimum plus proportional allocation of the remaining $2,220 using ESPN 10-team values; kickers excluded"
44,WR,20,Ladd McConkey,LAC,17,7,20,2026,"ESPN 2026 PPR Top 300, calibrated to portfolio league",2026-08-09,12,200,180,4,1,"$1 minimum plus proportional allocation of the remaining $2,220 using ESPN 10-team values; kickers excluded"
45,WR,21,Terry McLaurin,WAS,17,7,20,2026,"ESPN 2026 PPR Top 300, calibrated to portfolio league",2026-08-09,12,200,180,4,1,"$1 minimum plus proportional allocation of the remaining $2,220 using ESPN 10-team values; kickers excluded"
46,WR,22,Tee Higgins,CIN,15,6,18,2026,"ESPN 2026 PPR Top 300, calibrated to portfolio league",2026-08-09,12,200,180,4,1,"$1 minimum plus proportional allocation of the remaining $2,220 using ESPN 10-team values; kickers excluded"
47,WR,23,Jaylen Waddle,DEN,15,10,18,2026,"ESPN 2026 PPR Top 300, calibrated to portfolio league",2026-08-09,12,200,180,4,1,"$1 minimum plus proportional allocation of the remaining $2,220 using ESPN 10-team values; kickers excluded"
48,WR,24,Jameson Williams,DET,14,6,17,2026,"ESPN 2026 PPR Top 300, calibrated to portfolio league",2026-08-09,12,200,180,4,1,"$1 minimum plus proportional allocation of the remaining $2,220 using ESPN 10-team values; kickers excluded"
49,TE,3,Colston Loveland,CHI,13,10,16,2026,"ESPN 2026 PPR Top 300, calibrated to portfolio league",2026-08-09,12,200,180,4,1,"$1 minimum plus proportional allocation of the remaining $2,220 using ESPN 10-team values; kickers excluded"
50,TE,4,Tyler Warren,IND,13,13,16,2026,"ESPN 2026 PPR Top 300, calibrated to portfolio league",2026-08-09,12,200,180,4,1,"$1 minimum plus proportional allocation of the remaining $2,220 using ESPN 10-team values; kickers excluded"
51,WR,25,Carnell Tate,TEN,12,9,14,2026,"ESPN 2026 PPR Top 300, calibrated to portfolio league",2026-08-09,12,200,180,4,1,"$1 minimum plus proportional allocation of the remaining $2,220 using ESPN 10-team values; kickers excluded"
52,WR,26,Rome Odunze,CHI,11,10,13,2026,"ESPN 2026 PPR Top 300, calibrated to portfolio league",2026-08-09,12,200,180,4,1,"$1 minimum plus proportional allocation of the remaining $2,220 using ESPN 10-team values; kickers excluded"
53,WR,27,Luther Burden III,CHI,11,10,13,2026,"ESPN 2026 PPR Top 300, calibrated to portfolio league",2026-08-09,12,200,180,4,1,"$1 minimum plus proportional allocation of the remaining $2,220 using ESPN 10-team values; kickers excluded"
54,WR,28,DJ Moore,BUF,10,7,12,2026,"ESPN 2026 PPR Top 300, calibrated to portfolio league",2026-08-09,12,200,180,4,1,"$1 minimum plus proportional allocation of the remaining $2,220 using ESPN 10-team values; kickers excluded"
55,QB,2,Jayden Daniels,WAS,10,7,12,2026,"ESPN 2026 PPR Top 300, calibrated to portfolio league",2026-08-09,12,200,180,4,1,"$1 minimum plus proportional allocation of the remaining $2,220 using ESPN 10-team values; kickers excluded"
56,QB,3,Lamar Jackson,BAL,10,13,12,2026,"ESPN 2026 PPR Top 300, calibrated to portfolio league",2026-08-09,12,200,180,4,1,"$1 minimum plus proportional allocation of the remaining $2,220 using ESPN 10-team values; kickers excluded"
57,QB,4,Drake Maye,NE,10,11,12,2026,"ESPN 2026 PPR Top 300, calibrated to portfolio league",2026-08-09,12,200,180,4,1,"$1 minimum plus proportional allocation of the remaining $2,220 using ESPN 10-team values; kickers excluded"
58,QB,5,Jalen Hurts,PHI,9,10,11,2026,"ESPN 2026 PPR Top 300, calibrated to portfolio league",2026-08-09,12,200,180,4,1,"$1 minimum plus proportional allocation of the remaining $2,220 using ESPN 10-team values; kickers excluded"
59,RB,22,TreVeyon Henderson,NE,9,11,11,2026,"ESPN 2026 PPR Top 300, calibrated to portfolio league",2026-08-09,12,200,180,4,1,"$1 minimum plus proportional allocation of the remaining $2,220 using ESPN 10-team values; kickers excluded"
60,RB,23,Bhayshul Tuten,JAC,9,7,11,2026,"ESPN 2026 PPR Top 300, calibrated to portfolio league",2026-08-09,12,200,180,4,1,"$1 minimum plus proportional allocation of the remaining $2,220 using ESPN 10-team values; kickers excluded"
61,RB,24,D'Andre Swift,CHI,8,10,10,2026,"ESPN 2026 PPR Top 300, calibrated to portfolio league",2026-08-09,12,200,180,4,1,"$1 minimum plus proportional allocation of the remaining $2,220 using ESPN 10-team values; kickers excluded"
62,RB,25,David Montgomery,HOU,8,8,10,2026,"ESPN 2026 PPR Top 300, calibrated to portfolio league",2026-08-09,12,200,180,4,1,"$1 minimum plus proportional allocation of the remaining $2,220 using ESPN 10-team values; kickers excluded"
63,RB,26,Jadarian Price,SEA,8,11,10,2026,"ESPN 2026 PPR Top 300, calibrated to portfolio league",2026-08-09,12,200,180,4,1,"$1 minimum plus proportional allocation of the remaining $2,220 using ESPN 10-team values; kickers excluded"
64,RB,27,Tony Pollard,TEN,7,9,9,2026,"ESPN 2026 PPR Top 300, calibrated to portfolio league",2026-08-09,12,200,180,4,1,"$1 minimum plus proportional allocation of the remaining $2,220 using ESPN 10-team values; kickers excluded"
65,WR,29,Courtland Sutton,DEN,7,10,9,2026,"ESPN 2026 PPR Top 300, calibrated to portfolio league",2026-08-09,12,200,180,4,1,"$1 minimum plus proportional allocation of the remaining $2,220 using ESPN 10-team values; kickers excluded"
66,WR,30,Michael Pittman Jr.,PIT,7,9,9,2026,"ESPN 2026 PPR Top 300, calibrated to portfolio league",2026-08-09,12,200,180,4,1,"$1 minimum plus proportional allocation of the remaining $2,220 using ESPN 10-team values; kickers excluded"
67,WR,31,Alec Pierce,IND,7,13,9,2026,"ESPN 2026 PPR Top 300, calibrated to portfolio league",2026-08-09,12,200,180,4,1,"$1 minimum plus proportional allocation of the remaining $2,220 using ESPN 10-team values; kickers excluded"
68,WR,32,Marvin Harrison Jr.,ARI,6,14,8,2026,"ESPN 2026 PPR Top 300, calibrated to portfolio league",2026-08-09,12,200,180,4,1,"$1 minimum plus proportional allocation of the remaining $2,220 using ESPN 10-team values; kickers excluded"
69,WR,33,DK Metcalf,PIT,6,9,8,2026,"ESPN 2026 PPR Top 300, calibrated to portfolio league",2026-08-09,12,200,180,4,1,"$1 minimum plus proportional allocation of the remaining $2,220 using ESPN 10-team values; kickers excluded"
70,WR,34,Jordyn Tyson,NO,6,8,8,2026,"ESPN 2026 PPR Top 300, calibrated to portfolio league",2026-08-09,12,200,180,4,1,"$1 minimum plus proportional allocation of the remaining $2,220 using ESPN 10-team values; kickers excluded"
71,TE,5,Kyle Pitts Sr.,ATL,6,11,8,2026,"ESPN 2026 PPR Top 300, calibrated to portfolio league",2026-08-09,12,200,180,4,1,"$1 minimum plus proportional allocation of the remaining $2,220 using ESPN 10-team values; kickers excluded"
72,TE,6,Harold Fannin Jr.,CLE,6,11,8,2026,"ESPN 2026 PPR Top 300, calibrated to portfolio league",2026-08-09,12,200,180,4,1,"$1 minimum plus proportional allocation of the remaining $2,220 using ESPN 10-team values; kickers excluded"
73,TE,7,Sam LaPorta,DET,6,6,8,2026,"ESPN 2026 PPR Top 300, calibrated to portfolio league",2026-08-09,12,200,180,4,1,"$1 minimum plus proportional allocation of the remaining $2,220 using ESPN 10-team values; kickers excluded"
74,QB,6,Joe Burrow,CIN,5,6,7,2026,"ESPN 2026 PPR Top 300, calibrated to portfolio league",2026-08-09,12,200,180,4,1,"$1 minimum plus proportional allocation of the remaining $2,220 using ESPN 10-team values; kickers excluded"
75,QB,7,Jaxson Dart,NYG,5,8,7,2026,"ESPN 2026 PPR Top 300, calibrated to portfolio league",2026-08-09,12,200,180,4,1,"$1 minimum plus proportional allocation of the remaining $2,220 using ESPN 10-team values; kickers excluded"
76,WR,35,Mike Evans,SF,5,8,7,2026,"ESPN 2026 PPR Top 300, calibrated to portfolio league",2026-08-09,12,200,180,4,1,"$1 minimum plus proportional allocation of the remaining $2,220 using ESPN 10-team values; kickers excluded"
77,WR,36,Parker Washington,JAC,5,7,7,2026,"ESPN 2026 PPR Top 300, calibrated to portfolio league",2026-08-09,12,200,180,4,1,"$1 minimum plus proportional allocation of the remaining $2,220 using ESPN 10-team values; kickers excluded"
78,WR,37,Christian Watson,GB,4,11,6,2026,"ESPN 2026 PPR Top 300, calibrated to portfolio league",2026-08-09,12,200,180,4,1,"$1 minimum plus proportional allocation of the remaining $2,220 using ESPN 10-team values; kickers excluded"
79,WR,38,Matthew Golden,GB,4,11,6,2026,"ESPN 2026 PPR Top 300, calibrated to portfolio league",2026-08-09,12,200,180,4,1,"$1 minimum plus proportional allocation of the remaining $2,220 using ESPN 10-team values; kickers excluded"
80,WR,39,Michael Wilson,ARI,4,14,6,2026,"ESPN 2026 PPR Top 300, calibrated to portfolio league",2026-08-09,12,200,180,4,1,"$1 minimum plus proportional allocation of the remaining $2,220 using ESPN 10-team values; kickers excluded"
81,WR,40,Brian Thomas Jr.,JAC,4,7,6,2026,"ESPN 2026 PPR Top 300, calibrated to portfolio league",2026-08-09,12,200,180,4,1,"$1 minimum plus proportional allocation of the remaining $2,220 using ESPN 10-team values; kickers excluded"
82,QB,8,Trevor Lawrence,JAC,4,7,6,2026,"ESPN 2026 PPR Top 300, calibrated to portfolio league",2026-08-09,12,200,180,4,1,"$1 minimum plus proportional allocation of the remaining $2,220 using ESPN 10-team values; kickers excluded"
83,QB,9,Dak Prescott,DAL,4,14,6,2026,"ESPN 2026 PPR Top 300, calibrated to portfolio league",2026-08-09,12,200,180,4,1,"$1 minimum plus proportional allocation of the remaining $2,220 using ESPN 10-team values; kickers excluded"
84,QB,10,Bo Nix,DEN,4,10,6,2026,"ESPN 2026 PPR Top 300, calibrated to portfolio league",2026-08-09,12,200,180,4,1,"$1 minimum plus proportional allocation of the remaining $2,220 using ESPN 10-team values; kickers excluded"
85,QB,11,Brock Purdy,SF,4,8,6,2026,"ESPN 2026 PPR Top 300, calibrated to portfolio league",2026-08-09,12,200,180,4,1,"$1 minimum plus proportional allocation of the remaining $2,220 using ESPN 10-team values; kickers excluded"
86,QB,12,Matthew Stafford,LAR,4,11,6,2026,"ESPN 2026 PPR Top 300, calibrated to portfolio league",2026-08-09,12,200,180,4,1,"$1 minimum plus proportional allocation of the remaining $2,220 using ESPN 10-team values; kickers excluded"
87,QB,13,Caleb Williams,CHI,3,10,4,2026,"ESPN 2026 PPR Top 300, calibrated to portfolio league",2026-08-09,12,200,180,4,1,"$1 minimum plus proportional allocation of the remaining $2,220 using ESPN 10-team values; kickers excluded"
88,WR,41,Jakobi Meyers,JAC,3,7,4,2026,"ESPN 2026 PPR Top 300, calibrated to portfolio league",2026-08-09,12,200,180,4,1,"$1 minimum plus proportional allocation of the remaining $2,220 using ESPN 10-team values; kickers excluded"
89,WR,42,Wan'Dale Robinson,TEN,3,9,4,2026,"ESPN 2026 PPR Top 300, calibrated to portfolio league",2026-08-09,12,200,180,4,1,"$1 minimum plus proportional allocation of the remaining $2,220 using ESPN 10-team values; kickers excluded"
90,WR,43,Makai Lemon,PHI,3,10,4,2026,"ESPN 2026 PPR Top 300, calibrated to portfolio league",2026-08-09,12,200,180,4,1,"$1 minimum plus proportional allocation of the remaining $2,220 using ESPN 10-team values; kickers excluded"
91,WR,44,Josh Downs,IND,3,13,4,2026,"ESPN 2026 PPR Top 300, calibrated to portfolio league",2026-08-09,12,200,180,4,1,"$1 minimum plus proportional allocation of the remaining $2,220 using ESPN 10-team values; kickers excluded"
92,WR,45,Jordan Addison,MIN,3,6,4,2026,"ESPN 2026 PPR Top 300, calibrated to portfolio league",2026-08-09,12,200,180,4,1,"$1 minimum plus proportional allocation of the remaining $2,220 using ESPN 10-team values; kickers excluded"
93,QB,14,Justin Herbert,LAC,3,7,4,2026,"ESPN 2026 PPR Top 300, calibrated to portfolio league",2026-08-09,12,200,180,4,1,"$1 minimum plus proportional allocation of the remaining $2,220 using ESPN 10-team values; kickers excluded"
94,QB,15,Patrick Mahomes,KC,3,5,4,2026,"ESPN 2026 PPR Top 300, calibrated to portfolio league",2026-08-09,12,200,180,4,1,"$1 minimum plus proportional allocation of the remaining $2,220 using ESPN 10-team values; kickers excluded"
95,RB,28,Jaylen Warren,PIT,3,9,4,2026,"ESPN 2026 PPR Top 300, calibrated to portfolio league",2026-08-09,12,200,180,4,1,"$1 minimum plus proportional allocation of the remaining $2,220 using ESPN 10-team values; kickers excluded"
96,RB,29,Rhamondre Stevenson,NE,2,11,3,2026,"ESPN 2026 PPR Top 300, calibrated to portfolio league",2026-08-09,12,200,180,4,1,"$1 minimum plus proportional allocation of the remaining $2,220 using ESPN 10-team values; kickers excluded"
97,RB,30,Rico Dowdle,PIT,2,9,3,2026,"ESPN 2026 PPR Top 300, calibrated to portfolio league",2026-08-09,12,200,180,4,1,"$1 minimum plus proportional allocation of the remaining $2,220 using ESPN 10-team values; kickers excluded"
98,RB,31,Kenny Gainwell,TB,2,10,3,2026,"ESPN 2026 PPR Top 300, calibrated to portfolio league",2026-08-09,12,200,180,4,1,"$1 minimum plus proportional allocation of the remaining $2,220 using ESPN 10-team values; kickers excluded"
99,RB,32,Chuba Hubbard,CAR,2,5,3,2026,"ESPN 2026 PPR Top 300, calibrated to portfolio league",2026-08-09,12,200,180,4,1,"$1 minimum plus proportional allocation of the remaining $2,220 using ESPN 10-team values; kickers excluded"
100,RB,33,Aaron Jones Sr.,MIN,2,6,3,2026,"ESPN 2026 PPR Top 300, calibrated to portfolio league",2026-08-09,12,200,180,4,1,"$1 minimum plus proportional allocation of the remaining $2,220 using ESPN 10-team values; kickers excluded"
101,TE,8,George Kittle,SF,2,8,3,2026,"ESPN 2026 PPR Top 300, calibrated to portfolio league",2026-08-09,12,200,180,4,1,"$1 minimum plus proportional allocation of the remaining $2,220 using ESPN 10-team values; kickers excluded"
102,TE,9,Tucker Kraft,GB,2,11,3,2026,"ESPN 2026 PPR Top 300, calibrated to portfolio league",2026-08-09,12,200,180,4,1,"$1 minimum plus proportional allocation of the remaining $2,220 using ESPN 10-team values; kickers excluded"
103,TE,10,Dallas Goedert,PHI,2,10,3,2026,"ESPN 2026 PPR Top 300, calibrated to portfolio league",2026-08-09,12,200,180,4,1,"$1 minimum plus proportional allocation of the remaining $2,220 using ESPN 10-team values; kickers excluded"
104,TE,11,Travis Kelce,KC,2,5,3,2026,"ESPN 2026 PPR Top 300, calibrated to portfolio league",2026-08-09,12,200,180,4,1,"$1 minimum plus proportional allocation of the remaining $2,220 using ESPN 10-team values; kickers excluded"
105,RB,34,Rachaad White,WAS,2,7,3,2026,"ESPN 2026 PPR Top 300, calibrated to portfolio league",2026-08-09,12,200,180,4,1,"$1 minimum plus proportional allocation of the remaining $2,220 using ESPN 10-team values; kickers excluded"
106,RB,35,Jonathon Brooks,CAR,2,5,3,2026,"ESPN 2026 PPR Top 300, calibrated to portfolio league",2026-08-09,12,200,180,4,1,"$1 minimum plus proportional allocation of the remaining $2,220 using ESPN 10-team values; kickers excluded"
107,RB,36,J.K. Dobbins,DEN,2,10,3,2026,"ESPN 2026 PPR Top 300, calibrated to portfolio league",2026-08-09,12,200,180,4,1,"$1 minimum plus proportional allocation of the remaining $2,220 using ESPN 10-team values; kickers excluded"
108,RB,37,RJ Harvey,DEN,2,10,3,2026,"ESPN 2026 PPR Top 300, calibrated to portfolio league",2026-08-09,12,200,180,4,1,"$1 minimum plus proportional allocation of the remaining $2,220 using ESPN 10-team values; kickers excluded"
109,TE,12,Jake Ferguson,DAL,2,14,3,2026,"ESPN 2026 PPR Top 300, calibrated to portfolio league",2026-08-09,12,200,180,4,1,"$1 minimum plus proportional allocation of the remaining $2,220 using ESPN 10-team values; kickers excluded"
110,TE,13,Mark Andrews,BAL,2,13,3,2026,"ESPN 2026 PPR Top 300, calibrated to portfolio league",2026-08-09,12,200,180,4,1,"$1 minimum plus proportional allocation of the remaining $2,220 using ESPN 10-team values; kickers excluded"
111,TE,14,T.J. Hockenson,MIN,2,6,3,2026,"ESPN 2026 PPR Top 300, calibrated to portfolio league",2026-08-09,12,200,180,4,1,"$1 minimum plus proportional allocation of the remaining $2,220 using ESPN 10-team values; kickers excluded"
112,WR,46,Khalil Shakir,BUF,2,7,3,2026,"ESPN 2026 PPR Top 300, calibrated to portfolio league",2026-08-09,12,200,180,4,1,"$1 minimum plus proportional allocation of the remaining $2,220 using ESPN 10-team values; kickers excluded"
113,WR,47,Jayden Reed,GB,2,11,3,2026,"ESPN 2026 PPR Top 300, calibrated to portfolio league",2026-08-09,12,200,180,4,1,"$1 minimum plus proportional allocation of the remaining $2,220 using ESPN 10-team values; kickers excluded"
114,WR,48,Xavier Worthy,KC,2,5,3,2026,"ESPN 2026 PPR Top 300, calibrated to portfolio league",2026-08-09,12,200,180,4,1,"$1 minimum plus proportional allocation of the remaining $2,220 using ESPN 10-team values; kickers excluded"
115,RB,38,Kyle Monangai,CHI,2,10,3,2026,"ESPN 2026 PPR Top 300, calibrated to portfolio league",2026-08-09,12,200,180,4,1,"$1 minimum plus proportional allocation of the remaining $2,220 using ESPN 10-team values; kickers excluded"
116,TE,15,Kenyon Sadiq,NYJ,2,13,3,2026,"ESPN 2026 PPR Top 300, calibrated to portfolio league",2026-08-09,12,200,180,4,1,"$1 minimum plus proportional allocation of the remaining $2,220 using ESPN 10-team values; kickers excluded"
117,TE,16,Isaiah Likely,NYG,2,8,3,2026,"ESPN 2026 PPR Top 300, calibrated to portfolio league",2026-08-09,12,200,180,4,1,"$1 minimum plus proportional allocation of the remaining $2,220 using ESPN 10-team values; kickers excluded"
118,TE,17,Dalton Kincaid,BUF,2,7,3,2026,"ESPN 2026 PPR Top 300, calibrated to portfolio league",2026-08-09,12,200,180,4,1,"$1 minimum plus proportional allocation of the remaining $2,220 using ESPN 10-team values; kickers excluded"
119,TE,18,Hunter Henry,NE,2,11,3,2026,"ESPN 2026 PPR Top 300, calibrated to portfolio league",2026-08-09,12,200,180,4,1,"$1 minimum plus proportional allocation of the remaining $2,220 using ESPN 10-team values; kickers excluded"
120,RB,39,Jacory Croskey-Merritt,WAS,2,7,3,2026,"ESPN 2026 PPR Top 300, calibrated to portfolio league",2026-08-09,12,200,180,4,1,"$1 minimum plus proportional allocation of the remaining $2,220 using ESPN 10-team values; kickers excluded"
121,RB,40,Blake Corum,LAR,1,11,2,2026,"ESPN 2026 PPR Top 300, calibrated to portfolio league",2026-08-09,12,200,180,4,1,"$1 minimum plus proportional allocation of the remaining $2,220 using ESPN 10-team values; kickers excluded"
122,RB,41,Woody Marks,HOU,1,8,2,2026,"ESPN 2026 PPR Top 300, calibrated to portfolio league",2026-08-09,12,200,180,4,1,"$1 minimum plus proportional allocation of the remaining $2,220 using ESPN 10-team values; kickers excluded"
123,RB,42,Zach Charbonnet,SEA,1,11,2,2026,"ESPN 2026 PPR Top 300, calibrated to portfolio league",2026-08-09,12,200,180,4,1,"$1 minimum plus proportional allocation of the remaining $2,220 using ESPN 10-team values; kickers excluded"
124,WR,49,Quentin Johnston,LAC,1,7,2,2026,"ESPN 2026 PPR Top 300, calibrated to portfolio league",2026-08-09,12,200,180,4,1,"$1 minimum plus proportional allocation of the remaining $2,220 using ESPN 10-team values; kickers excluded"
125,WR,50,KC Concepcion,CLE,1,11,2,2026,"ESPN 2026 PPR Top 300, calibrated to portfolio league",2026-08-09,12,200,180,4,1,"$1 minimum plus proportional allocation of the remaining $2,220 using ESPN 10-team values; kickers excluded"
126,WR,51,Deebo Samuel Sr.,SF,1,8,2,2026,"ESPN 2026 PPR Top 300, calibrated to portfolio league",2026-08-09,12,200,180,4,1,"$1 minimum plus proportional allocation of the remaining $2,220 using ESPN 10-team values; kickers excluded"
127,WR,52,Stefon Diggs,WAS,1,7,2,2026,"ESPN 2026 PPR Top 300, calibrated to portfolio league",2026-08-09,12,200,180,4,1,"$1 minimum plus proportional allocation of the remaining $2,220 using ESPN 10-team values; kickers excluded"
128,WR,53,Chris Godwin Jr.,TB,1,10,2,2026,"ESPN 2026 PPR Top 300, calibrated to portfolio league",2026-08-09,12,200,180,4,1,"$1 minimum plus proportional allocation of the remaining $2,220 using ESPN 10-team values; kickers excluded"
129,WR,54,Romeo Doubs,NE,1,11,2,2026,"ESPN 2026 PPR Top 300, calibrated to portfolio league",2026-08-09,12,200,180,4,1,"$1 minimum plus proportional allocation of the remaining $2,220 using ESPN 10-team values; kickers excluded"
130,WR,55,Jayden Higgins,HOU,1,8,2,2026,"ESPN 2026 PPR Top 300, calibrated to portfolio league",2026-08-09,12,200,180,4,1,"$1 minimum plus proportional allocation of the remaining $2,220 using ESPN 10-team values; kickers excluded"
131,WR,56,Jalen Coker,CAR,1,5,2,2026,"ESPN 2026 PPR Top 300, calibrated to portfolio league",2026-08-09,12,200,180,4,1,"$1 minimum plus proportional allocation of the remaining $2,220 using ESPN 10-team values; kickers excluded"
132,WR,57,Jerry Jeudy,CLE,1,11,2,2026,"ESPN 2026 PPR Top 300, calibrated to portfolio league",2026-08-09,12,200,180,4,1,"$1 minimum plus proportional allocation of the remaining $2,220 using ESPN 10-team values; kickers excluded"
133,QB,16,Kyler Murray,MIN,1,6,2,2026,"ESPN 2026 PPR Top 300, calibrated to portfolio league",2026-08-09,12,200,180,4,1,"$1 minimum plus proportional allocation of the remaining $2,220 using ESPN 10-team values; kickers excluded"
134,QB,17,Tyler Shough,NO,1,8,2,2026,"ESPN 2026 PPR Top 300, calibrated to portfolio league",2026-08-09,12,200,180,4,1,"$1 minimum plus proportional allocation of the remaining $2,220 using ESPN 10-team values; kickers excluded"
135,QB,18,Jared Goff,DET,1,6,2,2026,"ESPN 2026 PPR Top 300, calibrated to portfolio league",2026-08-09,12,200,180,4,1,"$1 minimum plus proportional allocation of the remaining $2,220 using ESPN 10-team values; kickers excluded"
136,QB,19,Daniel Jones,IND,1,13,2,2026,"ESPN 2026 PPR Top 300, calibrated to portfolio league",2026-08-09,12,200,180,4,1,"$1 minimum plus proportional allocation of the remaining $2,220 using ESPN 10-team values; kickers excluded"
137,RB,43,Jordan Mason,MIN,1,6,2,2026,"ESPN 2026 PPR Top 300, calibrated to portfolio league",2026-08-09,12,200,180,4,1,"$1 minimum plus proportional allocation of the remaining $2,220 using ESPN 10-team values; kickers excluded"
138,RB,44,Alvin Kamara,NO,1,8,2,2026,"ESPN 2026 PPR Top 300, calibrated to portfolio league",2026-08-09,12,200,180,4,1,"$1 minimum plus proportional allocation of the remaining $2,220 using ESPN 10-team values; kickers excluded"
139,RB,45,Isiah Pacheco,DET,1,6,2,2026,"ESPN 2026 PPR Top 300, calibrated to portfolio league",2026-08-09,12,200,180,4,1,"$1 minimum plus proportional allocation of the remaining $2,220 using ESPN 10-team values; kickers excluded"
140,RB,46,Chris Rodriguez Jr.,JAC,1,7,2,2026,"ESPN 2026 PPR Top 300, calibrated to portfolio league",2026-08-09,12,200,180,4,1,"$1 minimum plus proportional allocation of the remaining $2,220 using ESPN 10-team values; kickers excluded"
141,RB,47,Brian Robinson Jr.,ATL,1,11,2,2026,"ESPN 2026 PPR Top 300, calibrated to portfolio league",2026-08-09,12,200,180,4,1,"$1 minimum plus proportional allocation of the remaining $2,220 using ESPN 10-team values; kickers excluded"
142,RB,48,Tank Bigsby,PHI,1,10,2,2026,"ESPN 2026 PPR Top 300, calibrated to portfolio league",2026-08-09,12,200,180,4,1,"$1 minimum plus proportional allocation of the remaining $2,220 using ESPN 10-team values; kickers excluded"
143,WR,58,Rashid Shaheed,SEA,1,11,2,2026,"ESPN 2026 PPR Top 300, calibrated to portfolio league",2026-08-09,12,200,180,4,1,"$1 minimum plus proportional allocation of the remaining $2,220 using ESPN 10-team values; kickers excluded"
144,WR,59,Jalen McMillan,TB,1,10,2,2026,"ESPN 2026 PPR Top 300, calibrated to portfolio league",2026-08-09,12,200,180,4,1,"$1 minimum plus proportional allocation of the remaining $2,220 using ESPN 10-team values; kickers excluded"
145,WR,60,Calvin Ridley,TEN,1,9,2,2026,"ESPN 2026 PPR Top 300, calibrated to portfolio league",2026-08-09,12,200,180,4,1,"$1 minimum plus proportional allocation of the remaining $2,220 using ESPN 10-team values; kickers excluded"
146,WR,61,Denzel Boston,CLE,1,11,2,2026,"ESPN 2026 PPR Top 300, calibrated to portfolio league",2026-08-09,12,200,180,4,1,"$1 minimum plus proportional allocation of the remaining $2,220 using ESPN 10-team values; kickers excluded"
147,WR,62,Travis Hunter,JAC,1,7,2,2026,"ESPN 2026 PPR Top 300, calibrated to portfolio league",2026-08-09,12,200,180,4,1,"$1 minimum plus proportional allocation of the remaining $2,220 using ESPN 10-team values; kickers excluded"
148,WR,63,Adonai Mitchell,NYJ,1,13,2,2026,"ESPN 2026 PPR Top 300, calibrated to portfolio league",2026-08-09,12,200,180,4,1,"$1 minimum plus proportional allocation of the remaining $2,220 using ESPN 10-team values; kickers excluded"
149,QB,20,Baker Mayfield,TB,1,10,2,2026,"ESPN 2026 PPR Top 300, calibrated to portfolio league",2026-08-09,12,200,180,4,1,"$1 minimum plus proportional allocation of the remaining $2,220 using ESPN 10-team values; kickers excluded"
150,QB,21,Malik Willis,MIA,1,6,2,2026,"ESPN 2026 PPR Top 300, calibrated to portfolio league",2026-08-09,12,200,180,4,1,"$1 minimum plus proportional allocation of the remaining $2,220 using ESPN 10-team values; kickers excluded"
151,WR,64,De'Zhaun Stribling,SF,1,8,2,2026,"ESPN 2026 PPR Top 300, calibrated to portfolio league",2026-08-09,12,200,180,4,1,"$1 minimum plus proportional allocation of the remaining $2,220 using ESPN 10-team values; kickers excluded"
152,WR,65,Germie Bernard,PIT,1,9,2,2026,"ESPN 2026 PPR Top 300, calibrated to portfolio league",2026-08-09,12,200,180,4,1,"$1 minimum plus proportional allocation of the remaining $2,220 using ESPN 10-team values; kickers excluded"
153,WR,66,Tre Tucker,LV,1,13,2,2026,"ESPN 2026 PPR Top 300, calibrated to portfolio league",2026-08-09,12,200,180,4,1,"$1 minimum plus proportional allocation of the remaining $2,220 using ESPN 10-team values; kickers excluded"
154,RB,49,Ray Davis,BUF,1,7,2,2026,"ESPN 2026 PPR Top 300, calibrated to portfolio league",2026-08-09,12,200,180,4,1,"$1 minimum plus proportional allocation of the remaining $2,220 using ESPN 10-team values; kickers excluded"
155,RB,50,Tyrone Tracy Jr.,NYG,1,8,2,2026,"ESPN 2026 PPR Top 300, calibrated to portfolio league",2026-08-09,12,200,180,4,1,"$1 minimum plus proportional allocation of the remaining $2,220 using ESPN 10-team values; kickers excluded"
156,RB,51,Mike Washington Jr.,LV,1,13,2,2026,"ESPN 2026 PPR Top 300, calibrated to portfolio league",2026-08-09,12,200,180,4,1,"$1 minimum plus proportional allocation of the remaining $2,220 using ESPN 10-team values; kickers excluded"
157,RB,52,Tyler Allgeier,ARI,1,14,2,2026,"ESPN 2026 PPR Top 300, calibrated to portfolio league",2026-08-09,12,200,180,4,1,"$1 minimum plus proportional allocation of the remaining $2,220 using ESPN 10-team values; kickers excluded"
158,RB,53,Dylan Sampson,CLE,1,11,2,2026,"ESPN 2026 PPR Top 300, calibrated to portfolio league",2026-08-09,12,200,180,4,1,"$1 minimum plus proportional allocation of the remaining $2,220 using ESPN 10-team values; kickers excluded"
159,TE,19,Terrance Ferguson,LAR,1,11,2,2026,"ESPN 2026 PPR Top 300, calibrated to portfolio league",2026-08-09,12,200,180,4,1,"$1 minimum plus proportional allocation of the remaining $2,220 using ESPN 10-team values; kickers excluded"
160,TE,20,Juwan Johnson,NO,1,8,2,2026,"ESPN 2026 PPR Top 300, calibrated to portfolio league",2026-08-09,12,200,180,4,1,"$1 minimum plus proportional allocation of the remaining $2,220 using ESPN 10-team values; kickers excluded"
161,WR,67,Jalen Nailor,LV,0,13,1,2026,"ESPN 2026 PPR Top 300, calibrated to portfolio league",2026-08-09,12,200,180,4,1,"$1 minimum plus proportional allocation of the remaining $2,220 using ESPN 10-team values; kickers excluded"
162,WR,68,Omar Cooper Jr.,NYJ,0,13,1,2026,"ESPN 2026 PPR Top 300, calibrated to portfolio league",2026-08-09,12,200,180,4,1,"$1 minimum plus proportional allocation of the remaining $2,220 using ESPN 10-team values; kickers excluded"
163,WR,69,Rashod Bateman,BAL,0,13,1,2026,"ESPN 2026 PPR Top 300, calibrated to portfolio league",2026-08-09,12,200,180,4,1,"$1 minimum plus proportional allocation of the remaining $2,220 using ESPN 10-team values; kickers excluded"
164,WR,70,Jauan Jennings,MIN,0,6,1,2026,"ESPN 2026 PPR Top 300, calibrated to portfolio league",2026-08-09,12,200,180,4,1,"$1 minimum plus proportional allocation of the remaining $2,220 using ESPN 10-team values; kickers excluded"
165,WR,71,Tank Dell,HOU,0,8,1,2026,"ESPN 2026 PPR Top 300, calibrated to portfolio league",2026-08-09,12,200,180,4,1,"$1 minimum plus proportional allocation of the remaining $2,220 using ESPN 10-team values; kickers excluded"
166,RB,54,Tyjae Spears,TEN,0,9,1,2026,"ESPN 2026 PPR Top 300, calibrated to portfolio league",2026-08-09,12,200,180,4,1,"$1 minimum plus proportional allocation of the remaining $2,220 using ESPN 10-team values; kickers excluded"
167,RB,55,Braelon Allen,NYJ,0,13,1,2026,"ESPN 2026 PPR Top 300, calibrated to portfolio league",2026-08-09,12,200,180,4,1,"$1 minimum plus proportional allocation of the remaining $2,220 using ESPN 10-team values; kickers excluded"
168,RB,56,Keaton Mitchell,LAC,0,7,1,2026,"ESPN 2026 PPR Top 300, calibrated to portfolio league",2026-08-09,12,200,180,4,1,"$1 minimum plus proportional allocation of the remaining $2,220 using ESPN 10-team values; kickers excluded"
169,DST,1,Broncos D/ST,DEN,0,10,1,2026,"ESPN 2026 PPR Top 300, calibrated to portfolio league",2026-08-09,12,200,180,4,1,"$1 minimum plus proportional allocation of the remaining $2,220 using ESPN 10-team values; kickers excluded"
170,DST,2,Texans D/ST,HOU,0,8,1,2026,"ESPN 2026 PPR Top 300, calibrated to portfolio league",2026-08-09,12,200,180,4,1,"$1 minimum plus proportional allocation of the remaining $2,220 using ESPN 10-team values; kickers excluded"
171,DST,3,Steelers D/ST,PIT,0,9,1,2026,"ESPN 2026 PPR Top 300, calibrated to portfolio league",2026-08-09,12,200,180,4,1,"$1 minimum plus proportional allocation of the remaining $2,220 using ESPN 10-team values; kickers excluded"
172,DST,4,Seahawks D/ST,SEA,0,11,1,2026,"ESPN 2026 PPR Top 300, calibrated to portfolio league",2026-08-09,12,200,180,4,1,"$1 minimum plus proportional allocation of the remaining $2,220 using ESPN 10-team values; kickers excluded"
173,DST,5,Rams D/ST,LAR,0,11,1,2026,"ESPN 2026 PPR Top 300, calibrated to portfolio league",2026-08-09,12,200,180,4,1,"$1 minimum plus proportional allocation of the remaining $2,220 using ESPN 10-team values; kickers excluded"
174,DST,6,Ravens D/ST,BAL,0,13,1,2026,"ESPN 2026 PPR Top 300, calibrated to portfolio league",2026-08-09,12,200,180,4,1,"$1 minimum plus proportional allocation of the remaining $2,220 using ESPN 10-team values; kickers excluded"
175,DST,7,Eagles D/ST,PHI,0,10,1,2026,"ESPN 2026 PPR Top 300, calibrated to portfolio league",2026-08-09,12,200,180,4,1,"$1 minimum plus proportional allocation of the remaining $2,220 using ESPN 10-team values; kickers excluded"
176,DST,8,Browns D/ST,CLE,0,11,1,2026,"ESPN 2026 PPR Top 300, calibrated to portfolio league",2026-08-09,12,200,180,4,1,"$1 minimum plus proportional allocation of the remaining $2,220 using ESPN 10-team values; kickers excluded"
177,DST,9,Patriots D/ST,NE,0,11,1,2026,"ESPN 2026 PPR Top 300, calibrated to portfolio league",2026-08-09,12,200,180,4,1,"$1 minimum plus proportional allocation of the remaining $2,220 using ESPN 10-team values; kickers excluded"
178,DST,10,Lions D/ST,DET,0,6,1,2026,"ESPN 2026 PPR Top 300, calibrated to portfolio league",2026-08-09,12,200,180,4,1,"$1 minimum plus proportional allocation of the remaining $2,220 using ESPN 10-team values; kickers excluded"
179,DST,11,Chiefs D/ST,KC,0,5,1,2026,"ESPN 2026 PPR Top 300, calibrated to portfolio league",2026-08-09,12,200,180,4,1,"$1 minimum plus proportional allocation of the remaining $2,220 using ESPN 10-team values; kickers excluded"
180,DST,12,Chargers D/ST,LAC,0,7,1,2026,"ESPN 2026 PPR Top 300, calibrated to portfolio league",2026-08-09,12,200,180,4,1,"$1 minimum plus proportional allocation of the remaining $2,220 using ESPN 10-team values; kickers excluded"
