alias,position,gsis_id,canonical_name,evidence
Kyle Pitts Sr.,TE,00-0036970,Kyle Pitts,nflverse weekly 2026
James Cook III,RB,00-0037248,James Cook,nflverse weekly 2026
Isiah Pacheco,RB,00-0037197,Isiah Pacheco,nflverse weekly 2025
Josh Jacobs,RB,00-0035700,Josh Jacobs,nflverse weekly 2025
Luke Musgrave,TE,00-0039144,Luke Musgrave,nflverse weekly 2025
Aaron Jones Sr.,RB,00-0033293,Aaron Jones,nflverse weekly 2026
Travis Etienne Jr.,RB,00-0036973,Travis Etienne,nflverse weekly 2026
Zach Charbonnet,RB,00-0039165,Zach Charbonnet,nflverse weekly 2025
Matthew Stafford,QB,00-0026498,Matthew Stafford,nflverse weekly 2026
Kyren Williams,RB,00-0037840,Kyren Williams,nflverse weekly 2026
Blake Corum,RB,00-0039738,Blake Corum,nflverse weekly 2026
Colby Parkinson,TE,00-0036244,Colby Parkinson,nflverse weekly 2026
Tyler Higbee,TE,00-0033110,Tyler Higbee,nflverse weekly 2026
