market_value,player,position,team,bye_week,season,as_of_date,source,source_url
64.22,Jahmyr Gibbs,RB,DET,6,2026,2026-07-27,RealTime Fantasy Sports average auction results,https://www.freedraftguide.com/football/draft-guide-average-pdf.php?AAV=YES
61.56,Bijan Robinson,RB,ATL,11,2026,2026-07-27,RealTime Fantasy Sports average auction results,https://www.freedraftguide.com/football/draft-guide-average-pdf.php?AAV=YES
55.06,Puka Nacua,WR,LAR,11,2026,2026-07-27,RealTime Fantasy Sports average auction results,https://www.freedraftguide.com/football/draft-guide-average-pdf.php?AAV=YES
54.67,Ja'Marr Chase,WR,CIN,6,2026,2026-07-27,RealTime Fantasy Sports average auction results,https://www.freedraftguide.com/football/draft-guide-average-pdf.php?AAV=YES
50.78,Jaxon Smith-Njigba,WR,SEA,11,2026,2026-07-27,RealTime Fantasy Sports average auction results,https://www.freedraftguide.com/football/draft-guide-average-pdf.php?AAV=YES
49.83,Christian McCaffrey,RB,SF,8,2026,2026-07-27,RealTime Fantasy Sports average auction results,https://www.freedraftguide.com/football/draft-guide-average-pdf.php?AAV=YES
49.61,Jonathan Taylor,RB,IND,13,2026,2026-07-27,RealTime Fantasy Sports average auction results,https://www.freedraftguide.com/football/draft-guide-average-pdf.php?AAV=YES
47.5,Amon-Ra St. Brown,WR,DET,6,2026,2026-07-27,RealTime Fantasy Sports average auction results,https://www.freedraftguide.com/football/draft-guide-average-pdf.php?AAV=YES
46.72,Chase Brown,RB,CIN,6,2026,2026-07-27,RealTime Fantasy Sports average auction results,https://www.freedraftguide.com/football/draft-guide-average-pdf.php?AAV=YES
46.56,Omarion Hampton,RB,LAC,7,2026,2026-07-27,RealTime Fantasy Sports average auction results,https://www.freedraftguide.com/football/draft-guide-average-pdf.php?AAV=YES
45.94,James Cook,RB,BUF,7,2026,2026-07-27,RealTime Fantasy Sports average auction results,https://www.freedraftguide.com/football/draft-guide-average-pdf.php?AAV=YES
45.39,Ashton Jeanty,RB,LV,13,2026,2026-07-27,RealTime Fantasy Sports average auction results,https://www.freedraftguide.com/football/draft-guide-average-pdf.php?AAV=YES
43.56,Justin Jefferson,WR,MIN,6,2026,2026-07-27,RealTime Fantasy Sports average auction results,https://www.freedraftguide.com/football/draft-guide-average-pdf.php?AAV=YES
43.28,Devon Achane,RB,MIA,6,2026,2026-07-27,RealTime Fantasy Sports average auction results,https://www.freedraftguide.com/football/draft-guide-average-pdf.php?AAV=YES
43.17,Saquon Barkley,RB,PHI,10,2026,2026-07-27,RealTime Fantasy Sports average auction results,https://www.freedraftguide.com/football/draft-guide-average-pdf.php?AAV=YES
42.5,Kenneth Walker III,RB,KC,5,2026,2026-07-27,RealTime Fantasy Sports average auction results,https://www.freedraftguide.com/football/draft-guide-average-pdf.php?AAV=YES
42.28,CeeDee Lamb,WR,DAL,14,2026,2026-07-27,RealTime Fantasy Sports average auction results,https://www.freedraftguide.com/football/draft-guide-average-pdf.php?AAV=YES
35.17,Drake London,WR,ATL,11,2026,2026-07-27,RealTime Fantasy Sports average auction results,https://www.freedraftguide.com/football/draft-guide-average-pdf.php?AAV=YES
35.11,Derrick Henry,RB,BAL,13,2026,2026-07-27,RealTime Fantasy Sports average auction results,https://www.freedraftguide.com/football/draft-guide-average-pdf.php?AAV=YES
33.22,A.J. Brown,WR,NE,11,2026,2026-07-27,RealTime Fantasy Sports average auction results,https://www.freedraftguide.com/football/draft-guide-average-pdf.php?AAV=YES
31.67,Nico Collins,WR,HOU,8,2026,2026-07-27,RealTime Fantasy Sports average auction results,https://www.freedraftguide.com/football/draft-guide-average-pdf.php?AAV=YES
31.56,Jeremiyah Love,RB,ARI,14,2026,2026-07-27,RealTime Fantasy Sports average auction results,https://www.freedraftguide.com/football/draft-guide-average-pdf.php?AAV=YES
31.44,Trey McBride,TE,ARI,14,2026,2026-07-27,RealTime Fantasy Sports average auction results,https://www.freedraftguide.com/football/draft-guide-average-pdf.php?AAV=YES
31.22,George Pickens,WR,DAL,14,2026,2026-07-27,RealTime Fantasy Sports average auction results,https://www.freedraftguide.com/football/draft-guide-average-pdf.php?AAV=YES
30.94,Kyren Williams,RB,LAR,11,2026,2026-07-27,RealTime Fantasy Sports average auction results,https://www.freedraftguide.com/football/draft-guide-average-pdf.php?AAV=YES
30.72,Javonte Williams,RB,DAL,14,2026,2026-07-27,RealTime Fantasy Sports average auction results,https://www.freedraftguide.com/football/draft-guide-average-pdf.php?AAV=YES
30.61,Brock Bowers,TE,LV,13,2026,2026-07-27,RealTime Fantasy Sports average auction results,https://www.freedraftguide.com/football/draft-guide-average-pdf.php?AAV=YES
29.0,Rashee Rice,WR,KC,5,2026,2026-07-27,RealTime Fantasy Sports average auction results,https://www.freedraftguide.com/football/draft-guide-average-pdf.php?AAV=YES
28.83,Josh Jacobs,RB,GB,11,2026,2026-07-27,RealTime Fantasy Sports average auction results,https://www.freedraftguide.com/football/draft-guide-average-pdf.php?AAV=YES
28.5,Josh Allen,QB,BUF,7,2026,2026-07-27,RealTime Fantasy Sports average auction results,https://www.freedraftguide.com/football/draft-guide-average-pdf.php?AAV=YES
28.22,Chris Olave,WR,NO,8,2026,2026-07-27,RealTime Fantasy Sports average auction results,https://www.freedraftguide.com/football/draft-guide-average-pdf.php?AAV=YES
27.61,Breece Hall,RB,NYJ,13,2026,2026-07-27,RealTime Fantasy Sports average auction results,https://www.freedraftguide.com/football/draft-guide-average-pdf.php?AAV=YES
27.33,Travis Etienne,RB,NO,8,2026,2026-07-27,RealTime Fantasy Sports average auction results,https://www.freedraftguide.com/football/draft-guide-average-pdf.php?AAV=YES
26.89,DeVonta Smith,WR,PHI,10,2026,2026-07-27,RealTime Fantasy Sports average auction results,https://www.freedraftguide.com/football/draft-guide-average-pdf.php?AAV=YES
24.44,Cam Skattebo,RB,NYG,8,2026,2026-07-27,RealTime Fantasy Sports average auction results,https://www.freedraftguide.com/football/draft-guide-average-pdf.php?AAV=YES
23.94,Emeka Egbuka,WR,TB,10,2026,2026-07-27,RealTime Fantasy Sports average auction results,https://www.freedraftguide.com/football/draft-guide-average-pdf.php?AAV=YES
23.83,Quinshon Judkins,RB,CLE,11,2026,2026-07-27,RealTime Fantasy Sports average auction results,https://www.freedraftguide.com/football/draft-guide-average-pdf.php?AAV=YES
23.78,David Montgomery,RB,HOU,8,2026,2026-07-27,RealTime Fantasy Sports average auction results,https://www.freedraftguide.com/football/draft-guide-average-pdf.php?AAV=YES
23.56,Malik Nabers,WR,NYG,8,2026,2026-07-27,RealTime Fantasy Sports average auction results,https://www.freedraftguide.com/football/draft-guide-average-pdf.php?AAV=YES
21.78,Bhayshul Tuten,RB,JAX,7,2026,2026-07-27,RealTime Fantasy Sports average auction results,https://www.freedraftguide.com/football/draft-guide-average-pdf.php?AAV=YES
20.61,Colston Loveland,TE,CHI,10,2026,2026-07-27,RealTime Fantasy Sports average auction results,https://www.freedraftguide.com/football/draft-guide-average-pdf.php?AAV=YES
20.56,Garrett Wilson,WR,NYJ,13,2026,2026-07-27,RealTime Fantasy Sports average auction results,https://www.freedraftguide.com/football/draft-guide-average-pdf.php?AAV=YES
20.33,Zay Flowers,WR,BAL,13,2026,2026-07-27,RealTime Fantasy Sports average auction results,https://www.freedraftguide.com/football/draft-guide-average-pdf.php?AAV=YES
20.06,Tee Higgins,WR,CIN,6,2026,2026-07-27,RealTime Fantasy Sports average auction results,https://www.freedraftguide.com/football/draft-guide-average-pdf.php?AAV=YES
20.0,TreVeyon Henderson,RB,NE,11,2026,2026-07-27,RealTime Fantasy Sports average auction results,https://www.freedraftguide.com/football/draft-guide-average-pdf.php?AAV=YES
19.78,Ladd McConkey,WR,LAC,7,2026,2026-07-27,RealTime Fantasy Sports average auction results,https://www.freedraftguide.com/football/draft-guide-average-pdf.php?AAV=YES
19.72,Jadarian Price,RB,SEA,11,2026,2026-07-27,RealTime Fantasy Sports average auction results,https://www.freedraftguide.com/football/draft-guide-average-pdf.php?AAV=YES
18.72,Tetairoa McMillan,WR,CAR,5,2026,2026-07-27,RealTime Fantasy Sports average auction results,https://www.freedraftguide.com/football/draft-guide-average-pdf.php?AAV=YES
18.67,Jaylen Waddle,WR,DEN,10,2026,2026-07-27,RealTime Fantasy Sports average auction results,https://www.freedraftguide.com/football/draft-guide-average-pdf.php?AAV=YES
18.44,D.J. Moore,WR,BUF,7,2026,2026-07-27,RealTime Fantasy Sports average auction results,https://www.freedraftguide.com/football/draft-guide-average-pdf.php?AAV=YES
18.22,Bucky Irving,RB,TB,10,2026,2026-07-27,RealTime Fantasy Sports average auction results,https://www.freedraftguide.com/football/draft-guide-average-pdf.php?AAV=YES
17.67,D'Andre Swift,RB,CHI,10,2026,2026-07-27,RealTime Fantasy Sports average auction results,https://www.freedraftguide.com/football/draft-guide-average-pdf.php?AAV=YES
17.61,Lamar Jackson,QB,BAL,13,2026,2026-07-27,RealTime Fantasy Sports average auction results,https://www.freedraftguide.com/football/draft-guide-average-pdf.php?AAV=YES
17.5,Luther Burden III,WR,CHI,10,2026,2026-07-27,RealTime Fantasy Sports average auction results,https://www.freedraftguide.com/football/draft-guide-average-pdf.php?AAV=YES
16.89,Tyler Warren,TE,IND,13,2026,2026-07-27,RealTime Fantasy Sports average auction results,https://www.freedraftguide.com/football/draft-guide-average-pdf.php?AAV=YES
16.72,Terry McLaurin,WR,WAS,7,2026,2026-07-27,RealTime Fantasy Sports average auction results,https://www.freedraftguide.com/football/draft-guide-average-pdf.php?AAV=YES
15.83,Davante Adams,WR,LAR,11,2026,2026-07-27,RealTime Fantasy Sports average auction results,https://www.freedraftguide.com/football/draft-guide-average-pdf.php?AAV=YES
15.11,Joe Burrow,QB,CIN,6,2026,2026-07-27,RealTime Fantasy Sports average auction results,https://www.freedraftguide.com/football/draft-guide-average-pdf.php?AAV=YES
15.0,Mike Evans,WR,SF,8,2026,2026-07-27,RealTime Fantasy Sports average auction results,https://www.freedraftguide.com/football/draft-guide-average-pdf.php?AAV=YES
13.67,Drake Maye,QB,NE,11,2026,2026-07-27,RealTime Fantasy Sports average auction results,https://www.freedraftguide.com/football/draft-guide-average-pdf.php?AAV=YES
12.0,Christian Watson,WR,GB,11,2026,2026-07-27,RealTime Fantasy Sports average auction results,https://www.freedraftguide.com/football/draft-guide-average-pdf.php?AAV=YES
11.83,Jaylen Warren,RB,PIT,9,2026,2026-07-27,RealTime Fantasy Sports average auction results,https://www.freedraftguide.com/football/draft-guide-average-pdf.php?AAV=YES
11.17,Jameson Williams,WR,DET,6,2026,2026-07-27,RealTime Fantasy Sports average auction results,https://www.freedraftguide.com/football/draft-guide-average-pdf.php?AAV=YES
10.28,Dak Prescott,QB,DAL,14,2026,2026-07-27,RealTime Fantasy Sports average auction results,https://www.freedraftguide.com/football/draft-guide-average-pdf.php?AAV=YES
10.06,Jayden Daniels,QB,WAS,7,2026,2026-07-27,RealTime Fantasy Sports average auction results,https://www.freedraftguide.com/football/draft-guide-average-pdf.php?AAV=YES
9.72,Rome Odunze,WR,CHI,10,2026,2026-07-27,RealTime Fantasy Sports average auction results,https://www.freedraftguide.com/football/draft-guide-average-pdf.php?AAV=YES
9.44,Harold Fannin Jr.,TE,CLE,11,2026,2026-07-27,RealTime Fantasy Sports average auction results,https://www.freedraftguide.com/football/draft-guide-average-pdf.php?AAV=YES
9.44,Kenneth Gainwell,RB,TB,10,2026,2026-07-27,RealTime Fantasy Sports average auction results,https://www.freedraftguide.com/football/draft-guide-average-pdf.php?AAV=YES
9.11,Jonathon Brooks,RB,CAR,5,2026,2026-07-27,RealTime Fantasy Sports average auction results,https://www.freedraftguide.com/football/draft-guide-average-pdf.php?AAV=YES
8.94,Tucker Kraft,TE,GB,11,2026,2026-07-27,RealTime Fantasy Sports average auction results,https://www.freedraftguide.com/football/draft-guide-average-pdf.php?AAV=YES
8.67,Tony Pollard,RB,TEN,9,2026,2026-07-27,RealTime Fantasy Sports average auction results,https://www.freedraftguide.com/football/draft-guide-average-pdf.php?AAV=YES
8.56,Rhamondre Stevenson,RB,NE,11,2026,2026-07-27,RealTime Fantasy Sports average auction results,https://www.freedraftguide.com/football/draft-guide-average-pdf.php?AAV=YES
8.35,Brian Robinson Jr.,RB,ATL,11,2026,2026-07-27,RealTime Fantasy Sports average auction results,https://www.freedraftguide.com/football/draft-guide-average-pdf.php?AAV=YES
8.17,Kyle Pitts,TE,ATL,11,2026,2026-07-27,RealTime Fantasy Sports average auction results,https://www.freedraftguide.com/football/draft-guide-average-pdf.php?AAV=YES
8.11,Brian Thomas Jr.,WR,JAX,7,2026,2026-07-27,RealTime Fantasy Sports average auction results,https://www.freedraftguide.com/football/draft-guide-average-pdf.php?AAV=YES
8.11,Marvin Harrison Jr.,WR,ARI,14,2026,2026-07-27,RealTime Fantasy Sports average auction results,https://www.freedraftguide.com/football/draft-guide-average-pdf.php?AAV=YES
8.0,Chuba Hubbard,RB,CAR,5,2026,2026-07-27,RealTime Fantasy Sports average auction results,https://www.freedraftguide.com/football/draft-guide-average-pdf.php?AAV=YES
8.0,Kyle Monangai,RB,CHI,10,2026,2026-07-27,RealTime Fantasy Sports average auction results,https://www.freedraftguide.com/football/draft-guide-average-pdf.php?AAV=YES
7.94,Caleb Williams,QB,CHI,10,2026,2026-07-27,RealTime Fantasy Sports average auction results,https://www.freedraftguide.com/football/draft-guide-average-pdf.php?AAV=YES
7.78,J.K. Dobbins,RB,DEN,10,2026,2026-07-27,RealTime Fantasy Sports average auction results,https://www.freedraftguide.com/football/draft-guide-average-pdf.php?AAV=YES
7.72,Rico Dowdle,RB,PIT,9,2026,2026-07-27,RealTime Fantasy Sports average auction results,https://www.freedraftguide.com/football/draft-guide-average-pdf.php?AAV=YES
7.39,Parker Washington,WR,JAX,7,2026,2026-07-27,RealTime Fantasy Sports average auction results,https://www.freedraftguide.com/football/draft-guide-average-pdf.php?AAV=YES
7.33,Carnell Tate,WR,TEN,9,2026,2026-07-27,RealTime Fantasy Sports average auction results,https://www.freedraftguide.com/football/draft-guide-average-pdf.php?AAV=YES
7.33,Trevor Lawrence,QB,JAX,7,2026,2026-07-27,RealTime Fantasy Sports average auction results,https://www.freedraftguide.com/football/draft-guide-average-pdf.php?AAV=YES
7.28,Jalen Hurts,QB,PHI,10,2026,2026-07-27,RealTime Fantasy Sports average auction results,https://www.freedraftguide.com/football/draft-guide-average-pdf.php?AAV=YES
7.17,Rachaad White,RB,WAS,7,2026,2026-07-27,RealTime Fantasy Sports average auction results,https://www.freedraftguide.com/football/draft-guide-average-pdf.php?AAV=YES
7.0,Justin Herbert,QB,LAC,7,2026,2026-07-27,RealTime Fantasy Sports average auction results,https://www.freedraftguide.com/football/draft-guide-average-pdf.php?AAV=YES
7.0,Michael Wilson,WR,ARI,14,2026,2026-07-27,RealTime Fantasy Sports average auction results,https://www.freedraftguide.com/football/draft-guide-average-pdf.php?AAV=YES
7.0,Sam LaPorta,TE,DET,6,2026,2026-07-27,RealTime Fantasy Sports average auction results,https://www.freedraftguide.com/football/draft-guide-average-pdf.php?AAV=YES
6.89,Jaxson Dart,QB,NYG,8,2026,2026-07-27,RealTime Fantasy Sports average auction results,https://www.freedraftguide.com/football/draft-guide-average-pdf.php?AAV=YES
6.83,Wan'Dale Robinson,WR,TEN,9,2026,2026-07-27,RealTime Fantasy Sports average auction results,https://www.freedraftguide.com/football/draft-guide-average-pdf.php?AAV=YES
6.56,Chris Godwin,WR,TB,10,2026,2026-07-27,RealTime Fantasy Sports average auction results,https://www.freedraftguide.com/football/draft-guide-average-pdf.php?AAV=YES
6.5,Brandon Aubrey,K,DAL,14,2026,2026-07-27,RealTime Fantasy Sports average auction results,https://www.freedraftguide.com/football/draft-guide-average-pdf.php?AAV=YES
6.33,Blake Corum,RB,LAR,11,2026,2026-07-27,RealTime Fantasy Sports average auction results,https://www.freedraftguide.com/football/draft-guide-average-pdf.php?AAV=YES
6.33,RJ Harvey,RB,DEN,10,2026,2026-07-27,RealTime Fantasy Sports average auction results,https://www.freedraftguide.com/football/draft-guide-average-pdf.php?AAV=YES
6.28,Alec Pierce,WR,IND,13,2026,2026-07-27,RealTime Fantasy Sports average auction results,https://www.freedraftguide.com/football/draft-guide-average-pdf.php?AAV=YES
6.22,Courtland Sutton,WR,DEN,10,2026,2026-07-27,RealTime Fantasy Sports average auction results,https://www.freedraftguide.com/football/draft-guide-average-pdf.php?AAV=YES
5.89,Isaiah Likely,TE,NYG,8,2026,2026-07-27,RealTime Fantasy Sports average auction results,https://www.freedraftguide.com/football/draft-guide-average-pdf.php?AAV=YES
5.78,Michael Pittman Jr.,WR,PIT,9,2026,2026-07-27,RealTime Fantasy Sports average auction results,https://www.freedraftguide.com/football/draft-guide-average-pdf.php?AAV=YES
5.39,George Kittle,TE,SF,8,2026,2026-07-27,RealTime Fantasy Sports average auction results,https://www.freedraftguide.com/football/draft-guide-average-pdf.php?AAV=YES
5.33,Jordan Mason,RB,MIN,6,2026,2026-07-27,RealTime Fantasy Sports average auction results,https://www.freedraftguide.com/football/draft-guide-average-pdf.php?AAV=YES
5.28,Jordyn Tyson,WR,NO,8,2026,2026-07-27,RealTime Fantasy Sports average auction results,https://www.freedraftguide.com/football/draft-guide-average-pdf.php?AAV=YES
5.06,Houston Texans,DST,HOU,8,2026,2026-07-27,RealTime Fantasy Sports average auction results,https://www.freedraftguide.com/football/draft-guide-average-pdf.php?AAV=YES
4.94,Patrick Mahomes,QB,KC,5,2026,2026-07-27,RealTime Fantasy Sports average auction results,https://www.freedraftguide.com/football/draft-guide-average-pdf.php?AAV=YES
4.89,D.K. Metcalf,WR,PIT,9,2026,2026-07-27,RealTime Fantasy Sports average auction results,https://www.freedraftguide.com/football/draft-guide-average-pdf.php?AAV=YES
4.56,Travis Kelce,TE,KC,5,2026,2026-07-27,RealTime Fantasy Sports average auction results,https://www.freedraftguide.com/football/draft-guide-average-pdf.php?AAV=YES
4.33,Makai Lemon,WR,PHI,10,2026,2026-07-27,RealTime Fantasy Sports average auction results,https://www.freedraftguide.com/football/draft-guide-average-pdf.php?AAV=YES
4.28,Los Angeles Rams,DST,LAR,11,2026,2026-07-27,RealTime Fantasy Sports average auction results,https://www.freedraftguide.com/football/draft-guide-average-pdf.php?AAV=YES
4.22,Jacory Croskey-Merritt,RB,WAS,7,2026,2026-07-27,RealTime Fantasy Sports average auction results,https://www.freedraftguide.com/football/draft-guide-average-pdf.php?AAV=YES
4.17,Matthew Stafford,QB,LAR,11,2026,2026-07-27,RealTime Fantasy Sports average auction results,https://www.freedraftguide.com/football/draft-guide-average-pdf.php?AAV=YES
4.0,Bo Nix,QB,DEN,10,2026,2026-07-27,RealTime Fantasy Sports average auction results,https://www.freedraftguide.com/football/draft-guide-average-pdf.php?AAV=YES
4.0,Brock Purdy,QB,SF,8,2026,2026-07-27,RealTime Fantasy Sports average auction results,https://www.freedraftguide.com/football/draft-guide-average-pdf.php?AAV=YES
3.94,Quentin Johnston,WR,LAC,7,2026,2026-07-27,RealTime Fantasy Sports average auction results,https://www.freedraftguide.com/football/draft-guide-average-pdf.php?AAV=YES
3.44,Ricky Pearsall,WR,SF,8,2026,2026-07-27,RealTime Fantasy Sports average auction results,https://www.freedraftguide.com/football/draft-guide-average-pdf.php?AAV=YES
3.39,Ka'imi Fairbairn,K,HOU,8,2026,2026-07-27,RealTime Fantasy Sports average auction results,https://www.freedraftguide.com/football/draft-guide-average-pdf.php?AAV=YES
3.33,Josh Downs,WR,IND,13,2026,2026-07-27,RealTime Fantasy Sports average auction results,https://www.freedraftguide.com/football/draft-guide-average-pdf.php?AAV=YES
3.28,Aaron Jones,RB,MIN,6,2026,2026-07-27,RealTime Fantasy Sports average auction results,https://www.freedraftguide.com/football/draft-guide-average-pdf.php?AAV=YES
3.28,Jakobi Meyers,WR,JAX,7,2026,2026-07-27,RealTime Fantasy Sports average auction results,https://www.freedraftguide.com/football/draft-guide-average-pdf.php?AAV=YES
3.24,Kyler Murray,QB,MIN,6,2026,2026-07-27,RealTime Fantasy Sports average auction results,https://www.freedraftguide.com/football/draft-guide-average-pdf.php?AAV=YES
3.0,Jared Goff,QB,DET,6,2026,2026-07-27,RealTime Fantasy Sports average auction results,https://www.freedraftguide.com/football/draft-guide-average-pdf.php?AAV=YES
2.94,Jayden Reed,WR,GB,11,2026,2026-07-27,RealTime Fantasy Sports average auction results,https://www.freedraftguide.com/football/draft-guide-average-pdf.php?AAV=YES
2.89,Seattle Seahawks,DST,SEA,11,2026,2026-07-27,RealTime Fantasy Sports average auction results,https://www.freedraftguide.com/football/draft-guide-average-pdf.php?AAV=YES
2.83,Woody Marks,RB,HOU,8,2026,2026-07-27,RealTime Fantasy Sports average auction results,https://www.freedraftguide.com/football/draft-guide-average-pdf.php?AAV=YES
2.78,Denver Broncos,DST,DEN,10,2026,2026-07-27,RealTime Fantasy Sports average auction results,https://www.freedraftguide.com/football/draft-guide-average-pdf.php?AAV=YES
2.78,Jordan Addison,WR,MIN,6,2026,2026-07-27,RealTime Fantasy Sports average auction results,https://www.freedraftguide.com/football/draft-guide-average-pdf.php?AAV=YES
2.75,Stefon Diggs,WR,NE,11,2026,2026-07-27,RealTime Fantasy Sports average auction results,https://www.freedraftguide.com/football/draft-guide-average-pdf.php?AAV=YES
2.67,Zach Charbonnet,RB,SEA,11,2026,2026-07-27,RealTime Fantasy Sports average auction results,https://www.freedraftguide.com/football/draft-guide-average-pdf.php?AAV=YES
2.61,Dalton Kincaid,TE,BUF,7,2026,2026-07-27,RealTime Fantasy Sports average auction results,https://www.freedraftguide.com/football/draft-guide-average-pdf.php?AAV=YES
2.56,Xavier Worthy,WR,KC,5,2026,2026-07-27,RealTime Fantasy Sports average auction results,https://www.freedraftguide.com/football/draft-guide-average-pdf.php?AAV=YES
2.44,Mark Andrews,TE,BAL,13,2026,2026-07-27,RealTime Fantasy Sports average auction results,https://www.freedraftguide.com/football/draft-guide-average-pdf.php?AAV=YES
2.42,Nicholas Singleton,RB,TEN,9,2026,2026-07-27,RealTime Fantasy Sports average auction results,https://www.freedraftguide.com/football/draft-guide-average-pdf.php?AAV=YES
2.33,Baker Mayfield,QB,TB,10,2026,2026-07-27,RealTime Fantasy Sports average auction results,https://www.freedraftguide.com/football/draft-guide-average-pdf.php?AAV=YES
2.33,Tyrone Tracy Jr.,RB,NYG,8,2026,2026-07-27,RealTime Fantasy Sports average auction results,https://www.freedraftguide.com/football/draft-guide-average-pdf.php?AAV=YES
2.28,Cameron Dicker,K,LAC,7,2026,2026-07-27,RealTime Fantasy Sports average auction results,https://www.freedraftguide.com/football/draft-guide-average-pdf.php?AAV=YES
2.22,Jason Myers,K,SEA,11,2026,2026-07-27,RealTime Fantasy Sports average auction results,https://www.freedraftguide.com/football/draft-guide-average-pdf.php?AAV=YES
2.22,Tyler Shough,QB,NO,8,2026,2026-07-27,RealTime Fantasy Sports average auction results,https://www.freedraftguide.com/football/draft-guide-average-pdf.php?AAV=YES
2.17,Jake Ferguson,TE,DAL,14,2026,2026-07-27,RealTime Fantasy Sports average auction results,https://www.freedraftguide.com/football/draft-guide-average-pdf.php?AAV=YES
2.0,Cam Little,K,JAX,7,2026,2026-07-27,RealTime Fantasy Sports average auction results,https://www.freedraftguide.com/football/draft-guide-average-pdf.php?AAV=YES
2.0,Juwan Johnson,TE,NO,8,2026,2026-07-27,RealTime Fantasy Sports average auction results,https://www.freedraftguide.com/football/draft-guide-average-pdf.php?AAV=YES
2.0,Romeo Doubs,WR,NE,11,2026,2026-07-27,RealTime Fantasy Sports average auction results,https://www.freedraftguide.com/football/draft-guide-average-pdf.php?AAV=YES
1.94,Alvin Kamara,RB,NO,8,2026,2026-07-27,RealTime Fantasy Sports average auction results,https://www.freedraftguide.com/football/draft-guide-average-pdf.php?AAV=YES
1.94,Isiah Pacheco,RB,DET,6,2026,2026-07-27,RealTime Fantasy Sports average auction results,https://www.freedraftguide.com/football/draft-guide-average-pdf.php?AAV=YES
1.94,Jonah Coleman,RB,DEN,10,2026,2026-07-27,RealTime Fantasy Sports average auction results,https://www.freedraftguide.com/football/draft-guide-average-pdf.php?AAV=YES
1.87,Dallas Goedert,TE,PHI,10,2026,2026-07-27,RealTime Fantasy Sports average auction results,https://www.freedraftguide.com/football/draft-guide-average-pdf.php?AAV=YES
1.83,Chris Rodriguez Jr.,RB,JAX,7,2026,2026-07-27,RealTime Fantasy Sports average auction results,https://www.freedraftguide.com/football/draft-guide-average-pdf.php?AAV=YES
1.8,Daniel Jones,QB,IND,13,2026,2026-07-27,RealTime Fantasy Sports average auction results,https://www.freedraftguide.com/football/draft-guide-average-pdf.php?AAV=YES
1.67,Devin Singletary,RB,NYG,8,2026,2026-07-27,RealTime Fantasy Sports average auction results,https://www.freedraftguide.com/football/draft-guide-average-pdf.php?AAV=YES
1.67,Jalen Nailor,WR,LV,13,2026,2026-07-27,RealTime Fantasy Sports average auction results,https://www.freedraftguide.com/football/draft-guide-average-pdf.php?AAV=YES
