recent_weight,matchup_strength,mae,rmse,bias,correlation
0.1,0.25,5.506720698714218,7.183460855186776,-0.06255316432368102,0.5127591117727954
0.15000000000000002,0.25,5.506916213744866,7.182225821342402,-0.07394881941819495,0.5130722028006671
0.1,0.1,5.508019714584709,7.1853555926771495,-0.06504012922489387,0.5123471538809059
0.15000000000000002,0.1,5.508105868584238,7.184043120908716,-0.07641951902294901,0.5126707513811851
0.05,0.25,5.50813794957958,7.186651112599832,-0.05115750922916609,0.5121961578169972
0.2,0.25,5.508876221915051,7.182947019608514,-0.0853444745127097,0.5131360320695744
0.05,0.1,5.509636021257344,7.188622362995274,-0.05366073942683775,0.5117735332226778
0.1,0.4,5.50970887503442,7.18737178749071,-0.06006619942246745,0.5124249906063814
0.2,0.1,5.510107263164515,7.184686018702063,-0.08779890882100493,0.5127448798893163
0.15000000000000002,0.4,5.5101376134107065,7.186226696265264,-0.07147811981344018,0.5127267586735323
0.05,0.4,5.5110112695286,7.190472450205268,-0.0486542790314937,0.5118744792722227
0.0,0.25,5.511027792876991,7.1917939915887885,-0.03976185413465236,0.5113838322154143
0.1,0.0,5.5113743961143244,7.189842435257082,-0.066698105825703,0.5116567416759555
0.15000000000000002,0.0,5.511517506455841,7.188485375407087,-0.07806665209278561,0.5119868179858702
0.2,0.4,5.512063695049516,7.187038111256643,-0.08289004020441376,0.5127804306499617
0.25,0.25,5.512316339815109,7.1856238609627106,-0.09674012960722331,0.5129522811589611
0.0,0.1,5.512585647760071,7.193840769484181,-0.04228134962878284,0.5109504301490478
0.05,0.0,5.513019290371152,7.193152858511439,-0.0553295595586194,0.5110770725792808
0.25,0.1,5.513433783046243,7.187283761337657,-0.09917829861905975,0.512571176986568
0.2,0.0,5.513446134193764,7.18908278515177,-0.08943519835986903,0.5120678242605999
0.0,0.4,5.513779087218511,7.19552615635203,-0.037242358640521174,0.5110756606870689
0.25,0.4,5.515332839268975,7.189805370052589,-0.09430196059538616,0.5125877243780872
0.0,0.0,5.516089162526535,7.198413950218823,-0.04396101329153698,0.5102483806646003
0.25,0.0,5.516689693197452,7.191634177417213,-0.10080374462695126,0.5119013648714593
0.30000000000000004,0.25,5.516855515674762,7.190254161221213,-0.1081357847017375,0.5125236871361133
0.30000000000000004,0.1,5.5180393233807905,7.191834230503444,-0.11055768841711515,0.5121523392293712
0.30000000000000004,0.4,5.519736954827238,7.194526215801869,-0.10571388098635916,0.5121514031348094
0.30000000000000004,0.0,5.521169204062447,7.196137473848805,-0.11217229089403408,0.5114901017809443
0.35000000000000003,0.25,5.522440418325845,7.196834149934941,-0.1195314397962511,0.5118540053818251
0.35000000000000003,0.1,5.52389481493392,7.19833372291756,-0.12193707821516993,0.5114920853819216
0.35000000000000003,0.4,5.525223260256556,7.201196806401376,-0.11712580137733156,0.5114752383287805
0.35000000000000003,0.0,5.527273183603942,7.202589013262706,-0.12354083716111634,0.5108377181967537
0.4,0.25,5.529636287698641,7.205358485694457,-0.13092709489076584,0.5109479610672848
0.4,0.1,5.531348585752341,7.206776965352911,-0.13331646801322586,0.510595108217251
0.4,0.4,5.532322349861484,7.2098117300822855,-0.12853772176830516,0.5105639610279813
0.4,0.0,5.534841555227048,7.210983566485234,-0.13490938342819978,0.5099488707942118
0.45,0.25,5.538657730023105,7.215820277699336,-0.14232274998528066,0.5098111904227344
0.45,0.1,5.540223914720703,7.217157135921903,-0.14469585781128189,0.5094670160227927
0.45,0.4,5.541188366342829,7.220364027248251,-0.1399496421592788,0.5094232034512399
0.45,0.0,5.543720825273441,7.221314357440302,-0.14627792969528325,0.5088291316337762
0.5,0.25,5.549082995895114,7.228211113389899,-0.15371840507979423,0.508450173133322
0.5,0.1,5.550733732441275,7.229465891421967,-0.1560752476093366,0.5081142651442028
0.5,0.4,5.551582697677574,7.232845218361217,-0.15136156255025113,0.5080594317473028
0.5,0.0,5.554120072047632,7.233573090287583,-0.15764647596236545,0.5074849210987753
0.55,0.25,5.560708445181987,7.242521091884929,-0.16511406017430844,0.5068721573441866
0.55,0.1,5.562417269622651,7.243693400488233,-0.16745463740739203,0.5065440850506078
0.55,0.4,5.56317376729538,7.247245337616398,-0.16277348294122412,0.5064798715274674
0.55,0.0,5.56561713975147,7.247749982359887,-0.1690150222294483,0.5059234333289477
0.6000000000000001,0.25,5.57382089762147,7.258738862919053,-0.17650971526882264,0.5050850788522655
0.6000000000000001,0.1,5.575265654493059,7.259828382249678,-0.17883402720544742,0.5047643975024736
0.6000000000000001,0.4,5.57614532731739,7.263552972098174,-0.17418540333219715,0.5046924277098559
0.6000000000000001,0.0,5.57842159721735,7.263833802598233,-0.18038356849653114,0.5041525557245735
0.65,0.25,5.588074565794858,7.276851670928384,-0.18790537036333682,0.5030974761061185
0.65,0.1,5.589436777448258,7.277858150139859,-0.1902134170035028,0.5027837314493471
0.65,0.4,5.5902719002460985,7.2817553060640225,-0.18559732372317012,0.5027056002747647
0.65,0.0,5.592416887887072,7.281811915137986,-0.19175211476361392,0.5021807841434399
0.7000000000000001,0.25,5.603525148218894,7.2968454038936255,-0.19930102545785097,0.5009184026291921
0.7000000000000001,0.1,5.604817029809519,7.297768660473857,-0.2015928068015582,0.5006111352807198
0.7000000000000001,0.4,5.605946054117904,7.301838169964366,-0.19700924411414308,0.500528397523183
0.7000000000000001,0.0,5.607725232793416,7.301670327659847,-0.20312066103069681,0.5000171354102639
0.75,0.25,5.620166851827962,7.31870464651651,-0.21069668055236515,0.4985573384303513
0.75,0.1,5.621468639251028,7.319544565369464,-0.2129721965996135,0.4982560880030821
0.75,0.4,5.622918273073281,7.323786093773309,-0.20842116450511616,0.49817024837846174
0.75,0.0,5.624502259378924,7.323393744085925,-0.21448920729777965,0.4976710587094856
0.8,0.25,5.63823019016728,7.342412737278509,-0.22209233564687936,0.4960241018738716
0.8,0.1,5.639705109018394,7.343169269563578,-0.22435158639766892,0.49572841082555524
0.8,0.4,5.641061485414423,7.347582364178558,-0.2198330848960891,0.4956409151798637
0.8,0.0,5.6426663261460845,7.34696562117391,-0.22585775356486246,0.49515234734301683
0.8500000000000001,0.25,5.657971350087418,7.3679518289104955,-0.23348799074139356,0.4933287633562491
0.8500000000000001,0.1,5.659255556874387,7.368624990654239,-0.23573097619572428,0.493038180512159
0.8500000000000001,0.4,5.660739859632319,7.373209085158913,-0.2312450052870621,0.49295040829304665
0.8500000000000001,0.0,5.66229483867685,7.37236822854174,-0.23722629983194538,0.4924710522114541
0.9,0.25,5.679048718560733,7.395302951788374,-0.24488364583590774,0.49048156198673304
0.9,0.1,5.680246507087881,7.395892822284776,-0.24711036599377964,0.49019564570837043
0.9,0.4,5.68190360695748,7.400647241464345,-0.24265692567803504,0.4901089037139114
0.9,0.0,5.683256585172192,7.399582711641103,-0.24859484609902813,0.48963739822798297
0.9500000000000001,0.25,5.701381758308566,7.424446079762629,-0.25627930093042195,0.48749282630021695
0.9500000000000001,0.1,5.70239311327701,7.424952799779321,-0.25848975579183503,0.4872111472810676
0.9500000000000001,0.4,5.704374300965567,7.4298767645068935,-0.2540688460690081,0.48712666467628535
0.9500000000000001,0.0,5.70547193890079,7.428589157190617,-0.259963392366111,0.4866617047065449
1.0,0.25,5.724939028230614,7.4553601979290045,-0.26767495602493613,0.48437289985269555
1.0,0.1,5.7259351356609605,7.455783967737806,-0.2698691455898904,0.484095043531869
1.0,0.4,5.7280837506621465,7.460876600170166,-0.2654807664599811,0.48401396809816455
1.0,0.0,5.72913831214968,7.459366660578361,-0.2713319386331938,0.4835543105875089
